Algorithm	Subject	Run	PreparationTime	SelectionTime	FaultDetectionLoss	TestSuiteReduction	FirstFaultyTest
ART-D	flex_v3	1	0	387.004682	0	0.0119402985	2
ART-D	flex_v3	2	0	374.66115	0	0.0492537313	2
ART-D	flex_v3	3	0	345.401781	0	0.0492537313	1
ART-D	flex_v3	4	0	369.821766	0	0.023880597	1
ART-D	flex_v3	5	0	343.318671	0	0.0537313433	2
ART-D	flex_v3	6	0	356.380519	0	0.0328358209	2
ART-D	flex_v3	7	0	350.841895	0	0.0567164179	1
ART-D	flex_v3	8	0	300.763038	0	0.0955223881	1
ART-D	flex_v3	9	0	345.328619	0	0.0388059701	1
ART-D	flex_v3	10	0	342.28324	0	0.0567164179	3
ART-D	flex_v3	11	0	357.779244	0	0.0164179104	1
ART-D	flex_v3	12	0	372.031532	0	0.0223880597	1
ART-D	flex_v3	13	0	342.8867	0	0.0537313433	1
ART-D	flex_v3	14	0	342.77232	0	0.0701492537	2
ART-D	flex_v3	15	0	343.906975	0	0.0343283582	1
ART-D	flex_v3	16	0	374.991488	0	0.0029850746	2
ART-D	flex_v3	17	0	368.497856	0	0.0134328358	1
ART-D	flex_v3	18	0	362.141508	0	0.0402985075	1
ART-D	flex_v3	19	0	364.541273	0	0.0194029851	3
ART-D	flex_v3	20	0	329.534502	0	0.0626865672	2
ART-D	flex_v3	21	0	343.280764	0	0.0208955224	1
ART-D	flex_v3	22	0	374.177531	0	0.0149253731	4
ART-D	flex_v3	23	0	379.783605	0	0.0149253731	1
ART-D	flex_v3	24	0	353.077675	0	0.0104477612	1
ART-D	flex_v3	25	0	376.400201	0	0.0179104478	4
ART-D	flex_v3	26	0	315.907921	0	0.0671641791	1
ART-D	flex_v3	27	0	320.932326	0	0.0432835821	2
ART-D	flex_v3	28	0	306.408438	0	0.1089552239	3
ART-D	flex_v3	29	0	374.783196	0	0.0179104478	1
ART-D	flex_v3	30	0	365.410134	0	0.0119402985	4
ART-D	flex_v3	31	0	370.247942	0	0.0044776119	1
ART-D	flex_v3	32	0	361.790458	0	0.0492537313	1
ART-D	flex_v3	33	0	299.996495	0	0.1343283582	3
ART-D	flex_v3	34	0	334.630498	0	0.0582089552	3
ART-D	flex_v3	35	0	337.721732	0	0.0582089552	2
ART-D	flex_v3	36	0	363.648671	0	0.052238806	1
ART-D	flex_v3	37	0	335.586482	0	0.071641791	1
ART-D	flex_v3	38	0	379.444362	0	0.0104477612	1
ART-D	flex_v3	39	0	377.821929	0	0.0223880597	1
ART-D	flex_v3	40	0	362.766751	0	0.047761194	1
ART-D	flex_v3	41	0	346.230076	0	0.0358208955	3
ART-D	flex_v3	42	0	314.958383	0	0.0925373134	2
ART-D	flex_v3	43	0	364.752789	0	0.0074626866	3
ART-D	flex_v3	44	0	363.148164	0	0.0462686567	1
ART-D	flex_v3	45	0	332.442908	0	0.0626865672	1
ART-D	flex_v3	46	0	335.633442	0	0.0626865672	1
ART-D	flex_v3	47	0	368.430937	0	0.0253731343	1
ART-D	flex_v3	48	0	373.130626	0	0.0298507463	1
ART-D	flex_v3	49	0	356.426948	0	0.028358209	2
ART-D	flex_v3	50	0	352.193044	0	0.0149253731	1
ART-D	grep_v3	1	0	343.830138	0	0.0024721879	1
ART-D	grep_v3	2	0	305.985303	0	0.043263288	1
ART-D	grep_v3	3	0	331.047172	0	0.0506798517	1
ART-D	grep_v3	4	0	268.522314	0	0.1211372064	1
ART-D	grep_v3	5	0	329.966373	0	0.0160692213	1
ART-D	grep_v3	6	0	303.122279	0	0.0234857849	1
ART-D	grep_v3	7	0	323.719758	0	0.0160692213	1
ART-D	grep_v3	8	0	323.509056	0	0.0135970334	1
ART-D	grep_v3	9	0	344.598445	0	0.0037082818	1
ART-D	grep_v3	10	0	313.123246	0	0.0531520396	1
ART-D	grep_v3	11	0	313.379812	0	0.0247218789	1
ART-D	grep_v3	12	0	316.404015	0	0.022249691	1
ART-D	grep_v3	13	0	326.022477	0	0.0049443758	1
ART-D	grep_v3	14	0	308.280916	0	0.0284301607	1
ART-D	grep_v3	15	0	312.538067	0	0.0321384425	1
ART-D	grep_v3	16	0	291.752837	0	0.0543881335	1
ART-D	grep_v3	17	0	326.637632	0	0.0309023486	1
ART-D	grep_v3	18	0	298.682974	0	0.0407911001	1
ART-D	grep_v3	19	0	336.036137	0	0.0296662546	1
ART-D	grep_v3	20	0	330.394695	0	0.0333745365	1
ART-D	grep_v3	21	0	310.972608	0	0.0568603214	1
ART-D	grep_v3	22	0	282.806951	0	0.0828182942	1
ART-D	grep_v3	23	0	333.052224	0	0.0185414091	1
ART-D	grep_v3	24	0	362.017427	0	0.0098887515	1
ART-D	grep_v3	25	0	384.66521	0	0.0074165637	1
ART-D	grep_v3	26	0	323.383722	0	0.064276885	1
ART-D	grep_v3	27	0	288.297132	0	0.0778739184	1
ART-D	grep_v3	28	0	281.516266	0	0.1161928307	1
ART-D	grep_v3	29	0	333.235706	0	0.0024721879	1
ART-D	grep_v3	30	0	319.803786	0	0	1
ART-D	grep_v3	31	0	332.658861	0	0.0271940667	1
ART-D	grep_v3	32	0	362.759283	0	0.0284301607	1
ART-D	grep_v3	33	0	322.688835	0	0	1
ART-D	grep_v3	34	0	323.774409	0	0.0333745365	1
ART-D	grep_v3	35	0	320.716818	0	0.0482076638	1
ART-D	grep_v3	36	0	301.677541	0	0.0618046972	4
ART-D	grep_v3	37	0	315.20382	0	0.0358467244	1
ART-D	grep_v3	38	0	301.552912	0	0.0964153276	1
ART-D	grep_v3	39	0	364.280048	0	0.022249691	1
ART-D	grep_v3	40	0	319.042421	0	0.0346106304	1
ART-D	grep_v3	41	0	319.95157	0	0.0259579728	1
ART-D	grep_v3	42	0	326.775751	0	0.0098887515	1
ART-D	grep_v3	43	0	352.837461	0	0.0061804697	1
ART-D	grep_v3	44	0	314.25405	0	0.0185414091	1
ART-D	grep_v3	45	0	323.353371	0	0.0024721879	1
ART-D	grep_v3	46	0	352.087187	0	0.0123609394	1
ART-D	grep_v3	47	0	268.439912	0	0.1137206428	1
ART-D	grep_v3	48	0	346.336544	0	0.0370828183	1
ART-D	grep_v3	49	0	321.14216	0	0.0024721879	2
ART-D	grep_v3	50	0	336.615528	0	0.022249691	1
ART-D	gzip_v1	1	0	4.889082	0	0.1495327103	1
ART-D	gzip_v1	2	0	5.271013	0	0.0794392523	2
ART-D	gzip_v1	3	0	4.152123	0	0.1962616822	1
ART-D	gzip_v1	4	0	5.707536	0	0.0747663551	1
ART-D	gzip_v1	5	0	5.249706	0	0.1074766355	1
ART-D	gzip_v1	6	0	3.728362	0	0.2102803738	1
ART-D	gzip_v1	7	0	6.179087	0	0	1
ART-D	gzip_v1	8	0	2.719224	0	0.4252336449	1
ART-D	gzip_v1	9	0	5.986267	0	0.0747663551	1
ART-D	gzip_v1	10	0	5.911375	0	0.0327102804	1
ART-D	gzip_v1	11	0	3.619786	0	0.2663551402	1
ART-D	gzip_v1	12	0	3.854808	0	0.2476635514	1
ART-D	gzip_v1	13	0	5.016435	0	0.1635514019	1
ART-D	gzip_v1	14	0	4.974236	0	0.1214953271	1
ART-D	gzip_v1	15	0	5.693361	0	0.0747663551	1
ART-D	gzip_v1	16	0	5.008304	0	0.1355140187	1
ART-D	gzip_v1	17	0	5.629795	0	0.0373831776	1
ART-D	gzip_v1	18	0	4.339287	0	0.1542056075	1
ART-D	gzip_v1	19	0	5.404738	0	0.0186915888	1
ART-D	gzip_v1	20	0	5.039323	0	0.1308411215	1
ART-D	gzip_v1	21	0	2.806922	0	0.3364485981	1
ART-D	gzip_v1	22	0	5.765593	0	0.023364486	1
ART-D	gzip_v1	23	0	6.092492	0	0.0046728972	1
ART-D	gzip_v1	24	0	3.559925	0	0.2663551402	1
ART-D	gzip_v1	25	0	5.994966	0	0.0280373832	1
ART-D	gzip_v1	26	0	4.879459	0	0.1028037383	1
ART-D	gzip_v1	27	0	4.133363	0	0.1728971963	1
ART-D	gzip_v1	28	0	4.30318	0	0.1682242991	1
ART-D	gzip_v1	29	0	4.150533	0	0.1775700935	1
ART-D	gzip_v1	30	0	5.277228	0	0.0841121495	1
ART-D	gzip_v1	31	0	5.746176	0	0.0560747664	1
ART-D	gzip_v1	32	0	5.102795	0	0.0841121495	1
ART-D	gzip_v1	33	0	3.908327	0	0.2009345794	1
ART-D	gzip_v1	34	0	5.449522	0	0.0654205607	1
ART-D	gzip_v1	35	0	3.850264	0	0.2102803738	1
ART-D	gzip_v1	36	0	5.074853	0	0.0887850467	1
ART-D	gzip_v1	37	0	3.954264	0	0.2009345794	1
ART-D	gzip_v1	38	0	5.708023	0	0.0186915888	1
ART-D	gzip_v1	39	0	3.770555	0	0.261682243	1
ART-D	gzip_v1	40	0	4.678206	0	0.1308411215	1
ART-D	gzip_v1	41	0	4.921618	0	0.1448598131	1
ART-D	gzip_v1	42	0	5.210724	0	0.1121495327	1
ART-D	gzip_v1	43	0	3.294855	0	0.3130841121	1
ART-D	gzip_v1	44	0	4.463267	0	0.1542056075	1
ART-D	gzip_v1	45	0	6.125923	0	0.0327102804	2
ART-D	gzip_v1	46	0	4.595472	0	0.1401869159	1
ART-D	gzip_v1	47	0	2.641482	0	0.3457943925	1
ART-D	gzip_v1	48	0	5.306044	0	0.0794392523	1
ART-D	gzip_v1	49	0	5.189659	0	0.0654205607	1
ART-D	gzip_v1	50	0	5.820852	0	0.0327102804	1
ART-D	make_v1	1	0	205.928592	0	0.1737142857	1
ART-D	make_v1	2	0	277.928567	0	0.0445714286	1
ART-D	make_v1	3	0	279.704347	0	0.0022857143	1
ART-D	make_v1	4	0	262.980644	0	0.0605714286	5
ART-D	make_v1	5	0	178.902459	0	0.2148571429	2
ART-D	make_v1	6	0	177.427205	0	0.2468571429	5
ART-D	make_v1	7	0	252.219654	0	0.0685714286	1
ART-D	make_v1	8	0	233.844641	0	0.1394285714	3
ART-D	make_v1	9	0	226.888904	0.5263157895	0.1451428571	2
ART-D	make_v1	10	0	141.419692	0	0.264	1
ART-D	make_v1	11	0	240.750362	0.5263157895	0.0491428571	1
ART-D	make_v1	12	0	231.595791	0	0.0617142857	3
ART-D	make_v1	13	0	216.380346	0	0.0868571429	4
ART-D	make_v1	14	0	224.391247	0	0.0948571429	1
ART-D	make_v1	15	0	236.222901	0	0.0502857143	3
ART-D	make_v1	16	0	239.315054	0.5263157895	0.0548571429	1
ART-D	make_v1	17	0	216.741081	0	0.0697142857	1
ART-D	make_v1	18	0	218.469464	0	0.0834285714	1
ART-D	make_v1	19	0	140.825717	0	0.2605714286	3
ART-D	make_v1	20	0	253.626436	0	0.0022857143	1
ART-D	make_v1	21	0	209.612439	0	0.0868571429	1
ART-D	make_v1	22	0	224.210801	0	0.0617142857	2
ART-D	make_v1	23	0	229.068226	0	0.0765714286	1
ART-D	make_v1	24	0	232.93451	0	0.04	2
ART-D	make_v1	25	0	146.981517	0	0.248	1
ART-D	make_v1	26	0	108.358173	0	0.3577142857	3
ART-D	make_v1	27	0	231.975493	0	0.0594285714	1
ART-D	make_v1	28	0	126.204055	0.5263157895	0.3062857143	1
ART-D	make_v1	29	0	248.727104	0	0.0011428571	1
ART-D	make_v1	30	0	138.569852	0	0.2617142857	1
ART-D	make_v1	31	0	170.84385	0.5263157895	0.1828571429	2
ART-D	make_v1	32	0	192.388879	0	0.1245714286	1
ART-D	make_v1	33	0	202.93618	0.5263157895	0.1028571429	4
ART-D	make_v1	34	0	212.026399	0	0.0891428571	2
ART-D	make_v1	35	0	157.777228	0	0.2114285714	1
ART-D	make_v1	36	0	108.344457	0	0.3497142857	1
ART-D	make_v1	37	0	227.461478	0	0.0457142857	2
ART-D	make_v1	38	0	197.822231	0	0.1291428571	11
ART-D	make_v1	39	0	212.472226	0	0.0811428571	1
ART-D	make_v1	40	0	217.329647	0	0.0754285714	3
ART-D	make_v1	41	0	200.970942	0	0.1257142857	1
ART-D	make_v1	42	0	234.383803	0	0.0582857143	1
ART-D	make_v1	43	0	160.087349	0.5263157895	0.2125714286	3
ART-D	make_v1	44	0	219.352328	0.5263157895	0.0845714286	2
ART-D	make_v1	45	0	254.14031	0	0.0262857143	1
ART-D	make_v1	46	0	252.109244	0	0.0331428571	2
ART-D	make_v1	47	0	220.147559	0	0.088	1
ART-D	make_v1	48	0	151.568187	0	0.2788571429	2
ART-D	make_v1	49	0	244.500864	0	0.0594285714	1
ART-D	make_v1	50	0	208.26386	0	0.1234285714	2
ART-D	sed_v6	1	0	55.104632	0	0.1081081081	1
ART-D	sed_v6	2	0	43.973563	0	0.1567567568	2
ART-D	sed_v6	3	0	71.672637	0	0.0054054054	1
ART-D	sed_v6	4	0	58.664768	0	0.1432432432	3
ART-D	sed_v6	5	0	50.906299	0	0.1378378378	2
ART-D	sed_v6	6	0	67.47807	0	0.0216216216	1
ART-D	sed_v6	7	0	70.209835	0	0.0324324324	1
ART-D	sed_v6	8	0	48.463214	0	0.1918918919	1
ART-D	sed_v6	9	0	68.847141	0	0.0243243243	3
ART-D	sed_v6	10	0	53.261044	0	0.1594594595	3
ART-D	sed_v6	11	0	54.800757	0	0.1135135135	4
ART-D	sed_v6	12	0	66.938839	0	0.1108108108	1
ART-D	sed_v6	13	0	53.846415	0	0.0864864865	4
ART-D	sed_v6	14	0	67.993615	0	0.0486486486	1
ART-D	sed_v6	15	0	42.334114	0	0.2189189189	1
ART-D	sed_v6	16	0	41.43485	0	0.2459459459	1
ART-D	sed_v6	17	0	47.049596	0	0.2297297297	2
ART-D	sed_v6	18	0	68.365865	0	0.0540540541	5
ART-D	sed_v6	19	0	60.362583	0	0.1	1
ART-D	sed_v6	20	0	52.687288	0	0.1405405405	4
ART-D	sed_v6	21	0	57.528676	0	0.1378378378	1
ART-D	sed_v6	22	0	63.592283	0	0.0324324324	3
ART-D	sed_v6	23	0	58.257841	0	0.0972972973	3
ART-D	sed_v6	24	0	57.685791	0	0.0864864865	4
ART-D	sed_v6	25	0	46.182119	0	0.2162162162	8
ART-D	sed_v6	26	0	63.940217	0	0.0486486486	3
ART-D	sed_v6	27	0	71.965879	0	0.0108108108	1
ART-D	sed_v6	28	0	64.812438	0	0.0810810811	2
ART-D	sed_v6	29	0	64.034845	0	0.0351351351	1
ART-D	sed_v6	30	0	62.620888	0	0.0675675676	3
ART-D	sed_v6	31	0	61.38909	0	0.0594594595	3
ART-D	sed_v6	32	0	53.366472	0	0.1378378378	1
ART-D	sed_v6	33	0	46.070339	0	0.1810810811	2
ART-D	sed_v6	34	0	65.946135	0	0.0567567568	2
ART-D	sed_v6	35	0	51.314293	0	0.1783783784	1
ART-D	sed_v6	36	0	59.23363	0	0.0918918919	1
ART-D	sed_v6	37	0	57.432411	0	0.1405405405	3
ART-D	sed_v6	38	0	45.819461	0	0.1945945946	1
ART-D	sed_v6	39	0	54.721443	0	0.2081081081	3
ART-D	sed_v6	40	0	60.955974	0	0.1	3
ART-D	sed_v6	41	0	59.404843	0	0.0243243243	3
ART-D	sed_v6	42	0	68.708798	0	0.0540540541	1
ART-D	sed_v6	43	0	64.548433	0	0.0513513514	1
ART-D	sed_v6	44	0	39.526231	0	0.3	3
ART-D	sed_v6	45	0	45.186613	0	0.1783783784	3
ART-D	sed_v6	46	0	56.006174	0	0.1189189189	3
ART-D	sed_v6	47	0	68.658313	0	0.0432432432	4
ART-D	sed_v6	48	0	43.456442	0	0.2027027027	3
ART-D	sed_v6	49	0	57.263201	0	0.0837837838	2
ART-D	sed_v6	50	0	44.444442	0	0.2297297297	2
ART-F	flex_v3	1	0	1419.027865	0	0.0432835821	4
ART-F	flex_v3	2	0	1510.721028	0	0.0119402985	2
ART-F	flex_v3	3	0	1407.053385	0	0.0462686567	1
ART-F	flex_v3	4	0	1438.929584	0	0.0089552239	4
ART-F	flex_v3	5	0	1434.587153	0	0.0014925373	2
ART-F	flex_v3	6	0	1425.012789	0	0.0059701493	1
ART-F	flex_v3	7	0	1441.530211	0	0.0164179104	9
ART-F	flex_v3	8	0	1438.825255	0	0.0253731343	2
ART-F	flex_v3	9	0	1506.423183	0	0.0014925373	1
ART-F	flex_v3	10	0	1488.367288	0	0.0059701493	1
ART-F	flex_v3	11	0	1499.228553	0	0.0044776119	1
ART-F	flex_v3	12	0	1404.87782	0	0.0328358209	7
ART-F	flex_v3	13	0	1446.95569	0	0.0104477612	2
ART-F	flex_v3	14	0	1240.717542	0	0.071641791	2
ART-F	flex_v3	15	0	1380.837906	0	0.0179104478	4
ART-F	flex_v3	16	0	1437.099619	0	0	1
ART-F	flex_v3	17	0	1364.378512	0	0.0298507463	2
ART-F	flex_v3	18	0	1529.653679	0	0.0164179104	4
ART-F	flex_v3	19	0	1576.190108	0	0.0447761194	8
ART-F	flex_v3	20	0	1703.285985	0	0	1
ART-F	flex_v3	21	0	1260.762016	0	0.0671641791	1
ART-F	flex_v3	22	0	1408.472627	0	0.0134328358	2
ART-F	flex_v3	23	0	1367.497645	0	0.0194029851	4
ART-F	flex_v3	24	0	1430.202296	0	0.0044776119	1
ART-F	flex_v3	25	0	1413.016609	0	0.0134328358	3
ART-F	flex_v3	26	0	1297.547041	0	0.0492537313	9
ART-F	flex_v3	27	0	1552.341339	0	0.0164179104	1
ART-F	flex_v3	28	0	1334.980795	0	0.1134328358	1
ART-F	flex_v3	29	0	1362.533875	0	0.0910447761	3
ART-F	flex_v3	30	0	1661.759747	0	0	2
ART-F	flex_v3	31	0	1676.693658	0	0.0134328358	1
ART-F	flex_v3	32	0	1565.272289	0	0.0089552239	1
ART-F	flex_v3	33	0	1443.08449	0	0.0014925373	4
ART-F	flex_v3	34	0	2173.341669	0	0.0014925373	4
ART-F	flex_v3	35	0	1965.223054	0	0	1
ART-F	flex_v3	36	0	1931.040664	0	0.0149253731	1
ART-F	flex_v3	37	0	1763.306987	0	0.0820895522	1
ART-F	flex_v3	38	0	1846.28374	0	0.0388059701	1
ART-F	flex_v3	39	0	1993.799847	0	0.023880597	1
ART-F	flex_v3	40	0	2295.500743	0	0.0059701493	2
ART-F	flex_v3	41	0	1951.495736	0	0.0089552239	1
ART-F	flex_v3	42	0	1404.38356	0	0.0104477612	5
ART-F	flex_v3	43	0	1382.765911	0	0.0179104478	2
ART-F	flex_v3	44	0	1437.35335	0	0.0074626866	1
ART-F	flex_v3	45	0	1443.916081	0	0.0014925373	1
ART-F	flex_v3	46	0	1354.603757	0	0.0268656716	2
ART-F	flex_v3	47	0	1434.716753	0	0.0059701493	1
ART-F	flex_v3	48	0	1175.519749	0	0.0910447761	7
ART-F	flex_v3	49	0	1332.491024	0	0.0328358209	1
ART-F	flex_v3	50	0	1420.998142	0	0.0044776119	1
ART-F	grep_v3	1	0	1202.50183	0	0.0024721879	1
ART-F	grep_v3	2	0	1232.381587	0	0.0012360939	1
ART-F	grep_v3	3	0	1138.264117	0	0.0321384425	1
ART-F	grep_v3	4	0	1199.464747	0	0.0061804697	1
ART-F	grep_v3	5	0	1181.224384	0	0.0160692213	1
ART-F	grep_v3	6	0	1227.975756	0	0.0037082818	1
ART-F	grep_v3	7	0	948.405144	0	0.1137206428	1
ART-F	grep_v3	8	0	1225.428475	0	0.0049443758	1
ART-F	grep_v3	9	0	1163.996915	0	0.0135970334	1
ART-F	grep_v3	10	0	1154.532329	0	0.0309023486	1
ART-F	grep_v3	11	0	1204.69863	0	0.0024721879	1
ART-F	grep_v3	12	0	1118.535006	0	0.0395550062	1
ART-F	grep_v3	13	0	1150.031225	0	0.0173053152	2
ART-F	grep_v3	14	0	1055.145673	0	0.0556242274	1
ART-F	grep_v3	15	0	1100.150165	0	0.0346106304	1
ART-F	grep_v3	16	0	1202.823983	0	0.0086526576	1
ART-F	grep_v3	17	0	1176.496138	0	0.0061804697	1
ART-F	grep_v3	18	0	1137.083339	0	0.0309023486	1
ART-F	grep_v3	19	0	999.221357	0	0.0741656366	1
ART-F	grep_v3	20	0	1022.484372	0	0.0729295426	1
ART-F	grep_v3	21	0	1120.353246	0	0.0234857849	1
ART-F	grep_v3	22	0	1046.327885	0	0.0247218789	1
ART-F	grep_v3	23	0	1062.119416	0	0.0024721879	1
ART-F	grep_v3	24	0	1052.519472	0	0.0098887515	1
ART-F	grep_v3	25	0	1061.178944	0	0.0074165637	2
ART-F	grep_v3	26	0	1070.771855	0	0.0049443758	1
ART-F	grep_v3	27	0	1000.398769	0	0.0321384425	1
ART-F	grep_v3	28	0	1001.329191	0	0.0469715698	1
ART-F	grep_v3	29	0	970.217842	0	0.0531520396	1
ART-F	grep_v3	30	0	1053.57916	0	0.0037082818	1
ART-F	grep_v3	31	0	1048.41566	0	0.0049443758	2
ART-F	grep_v3	32	0	976.529403	0	0.0383189122	2
ART-F	grep_v3	33	0	1011.654959	0	0.0333745365	2
ART-F	grep_v3	34	0	1026.543809	0	0.0185414091	1
ART-F	grep_v3	35	0	947.016657	0	0.0630407911	1
ART-F	grep_v3	36	0	984.676027	0	0.043263288	2
ART-F	grep_v3	37	0	1007.309032	0	0.0370828183	1
ART-F	grep_v3	38	0	955.907735	0	0.0506798517	1
ART-F	grep_v3	39	0	995.050291	0	0.044499382	1
ART-F	grep_v3	40	0	1051.265256	0	0	1
ART-F	grep_v3	41	0	1057.394581	0	0.0160692213	2
ART-F	grep_v3	42	0	1003.84986	0	0.022249691	1
ART-F	grep_v3	43	0	1057.198386	0	0.0123609394	1
ART-F	grep_v3	44	0	1046.081909	0	0.0148331273	1
ART-F	grep_v3	45	0	1062.733488	0	0.0173053152	2
ART-F	grep_v3	46	0	1045.494332	0	0.0185414091	1
ART-F	grep_v3	47	0	1096.704838	0	0.0012360939	1
ART-F	grep_v3	48	0	1018.360058	0	0.0259579728	1
ART-F	grep_v3	49	0	1049.390305	0	0.0197775031	1
ART-F	grep_v3	50	0	1052.617297	0	0.0098887515	2
ART-F	gzip_v1	1	0	50.159539	0	0.0280373832	1
ART-F	gzip_v1	2	0	45.459187	0	0.0841121495	1
ART-F	gzip_v1	3	0	46.873041	0	0.0887850467	1
ART-F	gzip_v1	4	0	44.21049	0	0.1355140187	1
ART-F	gzip_v1	5	0	53.364639	0	0.0373831776	1
ART-F	gzip_v1	6	0	50.065407	0	0.0747663551	1
ART-F	gzip_v1	7	0	54.399814	0	0.0327102804	1
ART-F	gzip_v1	8	0	48.282739	0	0.0934579439	1
ART-F	gzip_v1	9	0	54.98232	0	0.0186915888	1
ART-F	gzip_v1	10	0	44.461844	0	0.1214953271	1
ART-F	gzip_v1	11	0	52.414198	0	0.0420560748	1
ART-F	gzip_v1	12	0	57.020332	0	0.0093457944	1
ART-F	gzip_v1	13	0	28.08791	0	0.308411215	2
ART-F	gzip_v1	14	0	40.641571	0	0.1588785047	1
ART-F	gzip_v1	15	0	46.175156	0	0.1121495327	1
ART-F	gzip_v1	16	0	45.998666	0	0.1121495327	1
ART-F	gzip_v1	17	0	48.552381	0	0.0981308411	1
ART-F	gzip_v1	18	0	56.472118	0	0.0140186916	1
ART-F	gzip_v1	19	0	45.592565	0	0.1214953271	1
ART-F	gzip_v1	20	0	56.92142	0	0.0327102804	1
ART-F	gzip_v1	21	0	55.701657	0	0.0373831776	1
ART-F	gzip_v1	22	0	52.202637	0	0.0747663551	1
ART-F	gzip_v1	23	0	40.314972	0	0.1542056075	1
ART-F	gzip_v1	24	0	57.269503	0	0.0140186916	1
ART-F	gzip_v1	25	0	53.67433	0	0.0420560748	1
ART-F	gzip_v1	26	0	50.805604	0	0.0560747664	1
ART-F	gzip_v1	27	0	44.342042	0	0.1214953271	1
ART-F	gzip_v1	28	0	60.616974	0	0.0280373832	1
ART-F	gzip_v1	29	0	54.653841	0	0.0514018692	1
ART-F	gzip_v1	30	0	44.829115	0	0.1214953271	1
ART-F	gzip_v1	31	0	55.558512	0	0.0186915888	1
ART-F	gzip_v1	32	0	51.092433	0	0.0841121495	1
ART-F	gzip_v1	33	0	56.056863	0	0.0373831776	1
ART-F	gzip_v1	34	0	52.067509	0	0.0794392523	1
ART-F	gzip_v1	35	0	57.822632	0	0.0327102804	1
ART-F	gzip_v1	36	0	52.191545	0	0.0420560748	1
ART-F	gzip_v1	37	0	29.306538	0	0.2663551402	1
ART-F	gzip_v1	38	0	42.673241	0	0.1401869159	1
ART-F	gzip_v1	39	0	49.930823	0	0.0841121495	1
ART-F	gzip_v1	40	0	52.786724	0	0.023364486	1
ART-F	gzip_v1	41	0	52.141879	0	0.0373831776	1
ART-F	gzip_v1	42	0	54.505649	0	0.0140186916	1
ART-F	gzip_v1	43	0	52.213165	0	0.0420560748	1
ART-F	gzip_v1	44	0	38.861142	0	0.1588785047	1
ART-F	gzip_v1	45	0	50.818529	0	0.0514018692	2
ART-F	gzip_v1	46	0	37.75639	0	0.1775700935	1
ART-F	gzip_v1	47	0	43.480016	0	0.1261682243	1
ART-F	gzip_v1	48	0	52.342735	0	0.0327102804	1
ART-F	gzip_v1	49	0	47.268964	0	0.0841121495	1
ART-F	gzip_v1	50	0	26.304342	0	0.2990654206	1
ART-F	make_v1	1	0	2088.85335	0	0.0045714286	1
ART-F	make_v1	2	0	1985.712953	0	0.072	1
ART-F	make_v1	3	0	1547.02382	0.5263157895	0.1828571429	1
ART-F	make_v1	4	0	1407.998929	0	0.1908571429	1
ART-F	make_v1	5	0	1937.086391	0	0.0205714286	2
ART-F	make_v1	6	0	1946.757708	0	0.0251428571	1
ART-F	make_v1	7	0	1738.042416	0	0.0788571429	1
ART-F	make_v1	8	0	1949.265452	0	0.0194285714	1
ART-F	make_v1	9	0	2059.414722	0	0.056	2
ART-F	make_v1	10	0	2109.360729	0	0.0445714286	3
ART-F	make_v1	11	0	2312.799606	0	0.0068571429	1
ART-F	make_v1	12	0	2097.757859	0	0.0377142857	1
ART-F	make_v1	13	0	1924.357814	0	0.0582857143	1
ART-F	make_v1	14	0	2351.533578	0	0.0777142857	3
ART-F	make_v1	15	0	2582.654492	0	0.0491428571	1
ART-F	make_v1	16	0	2780.389389	0	0.0205714286	3
ART-F	make_v1	17	0	2214.369326	0	0.1314285714	1
ART-F	make_v1	18	0	2778.419768	0	0.0171428571	1
ART-F	make_v1	19	0	2632.437635	0	0.0228571429	1
ART-F	make_v1	20	0	1716.384754	0	0.0914285714	1
ART-F	make_v1	21	0	1647.548861	0	0.104	1
ART-F	make_v1	22	0	1924.308302	0	0.0285714286	4
ART-F	make_v1	23	0	1883.879125	0	0.0434285714	1
ART-F	make_v1	24	0	2021.072819	0	0	1
ART-F	make_v1	25	0	1885.316273	0	0.0422857143	5
ART-F	make_v1	26	0	1994.68401	0	0.0171428571	1
ART-F	make_v1	27	0	2369.541374	0	0.0342857143	8
ART-F	make_v1	28	0	2564.984255	0.5263157895	0.0537142857	2
ART-F	make_v1	29	0	2226.596352	0	0.112	2
ART-F	make_v1	30	0	2784.965515	0	0.0091428571	1
ART-F	make_v1	31	0	2586.613438	0	0.0811428571	1
ART-F	make_v1	32	0	2849.332715	0	0.0365714286	1
ART-F	make_v1	33	0	2590.719914	0.5263157895	0.088	2
ART-F	make_v1	34	0	3013.892946	0	0.0137142857	1
ART-F	make_v1	35	0	3010.834706	0	0.0228571429	1
ART-F	make_v1	36	0	3083.04718	0	0.0011428571	1
ART-F	make_v1	37	0	2463.050446	0	0.1062857143	1
ART-F	make_v1	38	0	2988.266181	0	0.0137142857	1
ART-F	make_v1	39	0	2821.587243	0.5263157895	0.04	1
ART-F	make_v1	40	0	2528.454264	0	0.0925714286	4
ART-F	make_v1	41	0	3097.115023	0	0.0034285714	1
ART-F	make_v1	42	0	2407.914509	0	0.12	8
ART-F	make_v1	43	0	2808.428956	0	0.024	1
ART-F	make_v1	44	0	2175.963347	0	0.048	1
ART-F	make_v1	45	0	2568.745728	0	0.0342857143	1
ART-F	make_v1	46	0	2758.248474	0	0.0102857143	1
ART-F	make_v1	47	0	2694.845935	0	0.0171428571	1
ART-F	make_v1	48	0	2546.60218	0	0.0434285714	5
ART-F	make_v1	49	0	2548.204923	0	0.0434285714	1
ART-F	make_v1	50	0	2518.883279	0	0.0491428571	1
ART-F	sed_v6	1	0	345.750298	0	0.0054054054	1
ART-F	sed_v6	2	0	285.642186	0	0.0837837838	2
ART-F	sed_v6	3	0	252.006984	0	0.1405405405	2
ART-F	sed_v6	4	0	352.00464	0	0.0108108108	1
ART-F	sed_v6	5	0	350.934636	0	0	1
ART-F	sed_v6	6	0	213.931776	0	0.2351351351	1
ART-F	sed_v6	7	0	285.507258	0	0.1054054054	2
ART-F	sed_v6	8	0	178.24211	0	0.272972973	2
ART-F	sed_v6	9	0	310.283813	0	0.0567567568	1
ART-F	sed_v6	10	0	320.084391	0	0.0297297297	2
ART-F	sed_v6	11	0	347.124988	0	0.0081081081	4
ART-F	sed_v6	12	0	287.832767	0	0.0891891892	1
ART-F	sed_v6	13	0	306.517124	0	0.0621621622	3
ART-F	sed_v6	14	0	273.013132	0	0.1108108108	1
ART-F	sed_v6	15	0	250.580004	0	0.1432432432	2
ART-F	sed_v6	16	0	178.706817	0	0.2675675676	2
ART-F	sed_v6	17	0	192.773048	0	0.2486486486	3
ART-F	sed_v6	18	0	276.030128	0	0.1108108108	1
ART-F	sed_v6	19	0	302.85026	0	0.0459459459	1
ART-F	sed_v6	20	0	337.413083	0	0	1
ART-F	sed_v6	21	0	269.351719	0	0.1108108108	2
ART-F	sed_v6	22	0	330.135143	0	0.0081081081	2
ART-F	sed_v6	23	0	253.176044	0	0.127027027	7
ART-F	sed_v6	24	0	316.348149	0	0.0351351351	3
ART-F	sed_v6	25	0	288.689409	0	0.0702702703	1
ART-F	sed_v6	26	0	139.255515	0	0.3702702703	3
ART-F	sed_v6	27	0	325.845231	0	0.0162162162	2
ART-F	sed_v6	28	0	323.888232	0	0.0297297297	3
ART-F	sed_v6	29	0	280.670175	0	0.0891891892	6
ART-F	sed_v6	30	0	151.09127	0	0.3432432432	1
ART-F	sed_v6	31	0	209.11669	0	0.2162162162	1
ART-F	sed_v6	32	0	313.942899	0	0.0351351351	2
ART-F	sed_v6	33	0	227.909495	0	0.1648648649	2
ART-F	sed_v6	34	0	299.817102	0	0.0594594595	7
ART-F	sed_v6	35	0	308.793653	0	0.0486486486	1
ART-F	sed_v6	36	0	193.083296	0	0.2378378378	1
ART-F	sed_v6	37	0	304.846328	0	0.0486486486	4
ART-F	sed_v6	38	0	309.509816	0	0.0324324324	2
ART-F	sed_v6	39	0	331.111405	0	0.0108108108	2
ART-F	sed_v6	40	0	304.355062	0	0.0513513514	1
ART-F	sed_v6	41	0	322.506641	0	0.0324324324	2
ART-F	sed_v6	42	0	315.591107	0	0.0243243243	1
ART-F	sed_v6	43	0	203.049973	0	0.2135135135	1
ART-F	sed_v6	44	0	333.701123	0	0.0054054054	3
ART-F	sed_v6	45	0	254.705775	0	0.1162162162	1
ART-F	sed_v6	46	0	272.754324	0	0.1054054054	1
ART-F	sed_v6	47	0	330.79055	0	0.0054054054	1
ART-F	sed_v6	48	0	215.669571	0	0.2108108108	1
ART-F	sed_v6	49	0	248.314451	0	0.1378378378	1
ART-F	sed_v6	50	0	302.550286	0	0.0513513514	3
FAST-all	flex_v3	1	1.637234	0.545934	0	0.0014925373	2
FAST-all	flex_v3	2	1.660142	0.453455	0	0.0044776119	1
FAST-all	flex_v3	3	1.634894	0.601934	0	0	1
FAST-all	flex_v3	4	1.629941	0.490546	0	0.0014925373	2
FAST-all	flex_v3	5	1.642073	0.478309	0	0.0014925373	2
FAST-all	flex_v3	6	1.612954	0.478058	0	0.471641791	1
FAST-all	flex_v3	7	1.631578	0.614204	0	0	1
FAST-all	flex_v3	8	1.624022	0.281988	0	0.7910447761	2
FAST-all	flex_v3	9	1.621355	0.504205	0	0	3
FAST-all	flex_v3	10	1.615624	0.515009	0	0	1
FAST-all	flex_v3	11	1.651971	0.810154	0	0.171641791	1
FAST-all	flex_v3	12	1.608223	0.480829	0	0.0044776119	3
FAST-all	flex_v3	13	1.59818	0.461776	0	0.0044776119	3
FAST-all	flex_v3	14	1.60986	0.464872	0	0.0014925373	1
FAST-all	flex_v3	15	1.619261	0.564869	0	0	1
FAST-all	flex_v3	16	1.617814	0.297296	0	0.7940298507	1
FAST-all	flex_v3	17	1.598921	0.442193	0	0.0074626866	3
FAST-all	flex_v3	18	1.595058	0.308022	0	0.823880597	1
FAST-all	flex_v3	19	1.602778	0.578351	0	0	2
FAST-all	flex_v3	20	1.605639	0.458544	0	0.0044776119	3
FAST-all	flex_v3	21	1.58916	0.521622	0	0	2
FAST-all	flex_v3	22	1.594473	0.463487	0	0	2
FAST-all	flex_v3	23	1.59191	0.759186	0	0	3
FAST-all	flex_v3	24	1.673618	0.549437	0	0.0014925373	1
FAST-all	flex_v3	25	1.636831	0.610718	0	0	2
FAST-all	flex_v3	26	1.634519	0.502648	0	0.0014925373	1
FAST-all	flex_v3	27	1.620795	0.648912	0	0.0044776119	1
FAST-all	flex_v3	28	1.63765	0.518947	0	0	3
FAST-all	flex_v3	29	1.624768	0.585779	0	0.0014925373	2
FAST-all	flex_v3	30	1.658474	0.502692	0	0	1
FAST-all	flex_v3	31	1.617164	0.607093	0	0	2
FAST-all	flex_v3	32	1.630937	0.550982	0	0.0044776119	1
FAST-all	flex_v3	33	1.606913	0.561941	0	0.0014925373	1
FAST-all	flex_v3	34	1.653262	0.481577	0	0.0044776119	1
FAST-all	flex_v3	35	1.615751	0.660508	0	0.0044776119	3
FAST-all	flex_v3	36	1.626628	0.580464	0	0.0014925373	8
FAST-all	flex_v3	37	1.62666	0.47134	0	0.0074626866	1
FAST-all	flex_v3	38	1.625984	0.450987	0	0.0014925373	1
FAST-all	flex_v3	39	1.621335	0.49925	0	0.0014925373	3
FAST-all	flex_v3	40	1.626679	0.473538	0	0.0059701493	1
FAST-all	flex_v3	41	1.674054	0.545313	0	0	1
FAST-all	flex_v3	42	1.626134	0.541493	0	0.0044776119	2
FAST-all	flex_v3	43	1.624845	0.493374	0	0.0014925373	4
FAST-all	flex_v3	44	1.623172	0.504952	0	0	3
FAST-all	flex_v3	45	1.623134	0.546381	0	0.0014925373	4
FAST-all	flex_v3	46	1.609068	0.512691	0	0.0059701493	3
FAST-all	flex_v3	47	1.621644	0.590494	0	0	2
FAST-all	flex_v3	48	1.639437	0.392947	0	0.4970149254	1
FAST-all	flex_v3	49	1.625359	0.501593	0	0.0014925373	1
FAST-all	flex_v3	50	1.645661	0.462318	0	0.0044776119	2
FAST-all	grep_v3	1	1.083834	0.490347	0	0.326328801	1
FAST-all	grep_v3	2	1.083166	0.589777	0	0.1359703337	1
FAST-all	grep_v3	3	1.075927	0.408332	0	0.3201483313	1
FAST-all	grep_v3	4	1.21261	0.546778	0	0.260815822	1
FAST-all	grep_v3	5	1.227303	0.516199	0	0.2855377009	1
FAST-all	grep_v3	6	1.21067	0.637017	0	0.4091470952	2
FAST-all	grep_v3	7	1.162046	0.529293	0	0.3535228677	1
FAST-all	grep_v3	8	1.067628	0.600474	0	0.2323856613	1
FAST-all	grep_v3	9	1.094388	0.533912	0	0.2768850433	1
FAST-all	grep_v3	10	1.085852	0.484273	0	0.3461063041	1
FAST-all	grep_v3	11	1.07857	0.459236	0	0.3807169345	1
FAST-all	grep_v3	12	1.129683	0.411591	0	0.2929542645	1
FAST-all	grep_v3	13	1.083438	0.485227	0	0.2941903585	1
FAST-all	grep_v3	14	1.089983	0.502996	0	0.2472187886	1
FAST-all	grep_v3	15	1.086104	0.539249	0	0.3807169345	2
FAST-all	grep_v3	16	1.071175	0.427156	0	0.2843016069	1
FAST-all	grep_v3	17	1.078042	0.480092	0	0.3349814586	1
FAST-all	grep_v3	18	1.073465	0.55844	0	0.2472187886	1
FAST-all	grep_v3	19	1.080422	0.579453	0	0.2917181706	1
FAST-all	grep_v3	20	1.079949	0.439171	0	0.305315204	1
FAST-all	grep_v3	21	1.077084	0.534636	0	0.2323856613	1
FAST-all	grep_v3	22	1.089334	0.435419	0	0.3238566131	1
FAST-all	grep_v3	23	1.081816	0.492648	0	0.239802225	1
FAST-all	grep_v3	24	1.097755	0.70599	0	0.2805933251	1
FAST-all	grep_v3	25	1.088368	0.523373	0	0.2286773795	1
FAST-all	grep_v3	26	1.0752	0.535481	0	0.4239802225	2
FAST-all	grep_v3	27	1.114725	0.519939	0	0.326328801	1
FAST-all	grep_v3	28	1.154521	0.607282	0	0.2323856613	1
FAST-all	grep_v3	29	1.167017	0.568053	0	0.2805933251	1
FAST-all	grep_v3	30	1.07366	0.435477	0	0.3757725587	1
FAST-all	grep_v3	31	1.062306	0.454001	0	0.2941903585	1
FAST-all	grep_v3	32	1.091808	0.436229	0	0.2311495674	1
FAST-all	grep_v3	33	1.109891	0.459048	0	0.2286773795	1
FAST-all	grep_v3	34	1.093414	0.621426	0	0.2855377009	2
FAST-all	grep_v3	35	1.065313	0.627057	0	0.2311495674	1
FAST-all	grep_v3	36	1.093964	0.502503	0	0.2669962917	1
FAST-all	grep_v3	37	1.0673	0.424845	0	0.2855377009	1
FAST-all	grep_v3	38	1.085128	0.527358	0	0.2583436341	1
FAST-all	grep_v3	39	1.066622	0.572174	0	0.2286773795	1
FAST-all	grep_v3	40	1.08429	0.532524	0	0.2472187886	1
FAST-all	grep_v3	41	1.152582	0.498107	0	0.1569839308	1
FAST-all	grep_v3	42	1.105034	0.539184	0	0.2892459827	2
FAST-all	grep_v3	43	1.077689	0.556042	0	0.2533992583	1
FAST-all	grep_v3	44	1.073745	0.456866	0	0.3127317676	1
FAST-all	grep_v3	45	1.082986	0.569559	0	0.2781211372	1
FAST-all	grep_v3	46	1.102414	0.340302	0.125	0.6106304079	1
FAST-all	grep_v3	47	1.157287	0.446747	0	0.4264524104	1
FAST-all	grep_v3	48	1.084174	0.476116	0.125	0.4660074166	1
FAST-all	grep_v3	49	1.07611	0.480444	0	0.3621755253	1
FAST-all	grep_v3	50	1.078953	0.419507	0	0.3226205192	1
FAST-all	gzip_v1	1	0.260979	0.039884	0.1428571429	0.8177570093	1
FAST-all	gzip_v1	2	0.253845	0.059456	0	0.4345794393	2
FAST-all	gzip_v1	3	0.261206	0.044383	0	0.6728971963	1
FAST-all	gzip_v1	4	0.257669	0.041868	0.1428571429	0.8411214953	1
FAST-all	gzip_v1	5	0.252846	0.039484	0.1428571429	0.8411214953	1
FAST-all	gzip_v1	6	0.234689	0.049137	0	0.453271028	1
FAST-all	gzip_v1	7	0.233286	0.050694	0	0.4205607477	1
FAST-all	gzip_v1	8	0.236654	0.048686	0	0.4626168224	1
FAST-all	gzip_v1	9	0.236358	0.048389	0	0.4392523364	1
FAST-all	gzip_v1	10	0.235531	0.035683	0.1428571429	0.8364485981	1
FAST-all	gzip_v1	11	0.230923	0.058632	0	0.4485981308	1
FAST-all	gzip_v1	12	0.235717	0.047999	0	0.4626168224	1
FAST-all	gzip_v1	13	0.233834	0.03838	0.1428571429	0.8411214953	1
FAST-all	gzip_v1	14	0.233572	0.038044	0.1428571429	0.8411214953	1
FAST-all	gzip_v1	15	0.230488	0.049517	0	0.453271028	1
FAST-all	gzip_v1	16	0.232228	0.048035	0	0.4672897196	1
FAST-all	gzip_v1	17	0.237086	0.035287	0.1428571429	0.8364485981	1
FAST-all	gzip_v1	18	0.235086	0.038593	0.1428571429	0.8411214953	1
FAST-all	gzip_v1	19	0.2348	0.035346	0.1428571429	0.8364485981	1
FAST-all	gzip_v1	20	0.263872	0.041759	0.1428571429	0.8411214953	1
FAST-all	gzip_v1	21	0.249112	0.047044	0.1428571429	0.7663551402	2
FAST-all	gzip_v1	22	0.256676	0.050881	0	0.4392523364	1
FAST-all	gzip_v1	23	0.257127	0.067325	0	0.0560747664	1
FAST-all	gzip_v1	24	0.246526	0.049815	0	0.4579439252	1
FAST-all	gzip_v1	25	0.242725	0.049087	0	0.4579439252	1
FAST-all	gzip_v1	26	0.241096	0.039403	0.1428571429	0.8411214953	1
FAST-all	gzip_v1	27	0.245169	0.049984	0	0.4579439252	1
FAST-all	gzip_v1	28	0.24274	0.038458	0.1428571429	0.8411214953	1
FAST-all	gzip_v1	29	0.240939	0.05094	0	0.4252336449	1
FAST-all	gzip_v1	30	0.246538	0.038077	0	0.8130841121	1
FAST-all	gzip_v1	31	0.242359	0.03611	0.1428571429	0.8224299065	1
FAST-all	gzip_v1	32	0.247837	0.050777	0.1428571429	0.7710280374	2
FAST-all	gzip_v1	33	0.257461	0.051971	0	0.4579439252	1
FAST-all	gzip_v1	34	0.256778	0.04396	0	0.7196261682	1
FAST-all	gzip_v1	35	0.26068	0.052672	0	0.4579439252	1
FAST-all	gzip_v1	36	0.252781	0.052027	0	0.4672897196	1
FAST-all	gzip_v1	37	0.257731	0.054333	0	0.4112149533	1
FAST-all	gzip_v1	38	0.259572	0.040093	0	0.8177570093	1
FAST-all	gzip_v1	39	0.25639	0.06353	0	0.4485981308	1
FAST-all	gzip_v1	40	0.258462	0.040844	0.1428571429	0.8177570093	1
FAST-all	gzip_v1	41	0.272962	0.053132	0	0.4579439252	1
FAST-all	gzip_v1	42	0.257949	0.052109	0	0.4345794393	1
FAST-all	gzip_v1	43	0.258507	0.054555	0	0.4626168224	1
FAST-all	gzip_v1	44	0.259957	0.052526	0	0.4626168224	1
FAST-all	gzip_v1	45	0.259475	0.04012	0	0.8177570093	1
FAST-all	gzip_v1	46	0.257888	0.04699	0.1428571429	0.7289719626	1
FAST-all	gzip_v1	47	0.260609	0.053021	0	0.4579439252	1
FAST-all	gzip_v1	48	0.258639	0.052781	0	0.4626168224	1
FAST-all	gzip_v1	49	0.259234	0.053158	0	0.4205607477	1
FAST-all	gzip_v1	50	0.258598	0.040759	0.1428571429	0.8411214953	1
FAST-all	make_v1	1	4.182372	0.227421	0.6842105263	0.8434285714	1
FAST-all	make_v1	2	3.976618	0.295106	0.6842105263	0.8491428571	5
FAST-all	make_v1	3	4.025466	0.290923	0.5263157895	0.7074285714	1
FAST-all	make_v1	4	4.1136	0.280558	0.5263157895	0.8822857143	4
FAST-all	make_v1	5	3.998305	0.307658	0	0.6034285714	1
FAST-all	make_v1	6	3.98385	0.293359	0.6842105263	0.8628571429	4
FAST-all	make_v1	7	4.098724	0.242666	0.6842105263	0.8857142857	1
FAST-all	make_v1	8	4.016605	0.257654	0.6842105263	0.8457142857	3
FAST-all	make_v1	9	4.020988	0.763798	0.5263157895	0.7702857143	2
FAST-all	make_v1	10	4.122688	0.47727	0	0.0651428571	1
FAST-all	make_v1	11	4.04429	0.468724	0	0.1382857143	1
FAST-all	make_v1	12	3.992697	0.285047	0.5263157895	0.7805714286	3
FAST-all	make_v1	13	4.086508	0.397976	0.5263157895	0.88	5
FAST-all	make_v1	14	4.030688	0.265642	0.5263157895	0.7531428571	2
FAST-all	make_v1	15	4.019265	0.236299	0	0.8811428571	1
FAST-all	make_v1	16	4.035537	0.245808	0.5263157895	0.8628571429	2
FAST-all	make_v1	17	4.056566	0.276808	0.5263157895	0.7805714286	1
FAST-all	make_v1	18	4.027857	0.241992	0.5263157895	0.84	1
FAST-all	make_v1	19	4.004837	0.23515	0.6842105263	0.92	3
FAST-all	make_v1	20	4.080205	0.915534	0.5263157895	0.6994285714	1
FAST-all	make_v1	21	4.004144	0.296592	0.5263157895	0.8068571429	2
FAST-all	make_v1	22	3.96476	0.234926	0.5263157895	0.9234285714	1
FAST-all	make_v1	23	4.017288	0.29828	0.5263157895	0.7828571429	1
FAST-all	make_v1	24	4.055853	0.367267	0.5263157895	0.7531428571	2
FAST-all	make_v1	25	3.983565	0.759518	0.5263157895	0.6937142857	3
FAST-all	make_v1	26	4.027895	0.412505	0.5263157895	0.7897142857	1
FAST-all	make_v1	27	4.143405	0.23479	0.6842105263	0.7977142857	3
FAST-all	make_v1	28	4.027991	0.222369	0.5263157895	0.9142857143	3
FAST-all	make_v1	29	3.992345	0.405928	0	0.2845714286	1
FAST-all	make_v1	30	4.11478	0.215968	0.5263157895	0.9028571429	3
FAST-all	make_v1	31	3.999413	0.405868	0	0.2845714286	3
FAST-all	make_v1	32	4.039252	0.195982	0.6842105263	0.9188571429	1
FAST-all	make_v1	33	4.149622	0.309819	0.5263157895	0.6662857143	2
FAST-all	make_v1	34	4.039198	0.293565	0.5263157895	0.7622857143	1
FAST-all	make_v1	35	4.00567	0.299589	0	0.8034285714	2
FAST-all	make_v1	36	4.106143	0.245574	0.5263157895	0.8285714286	1
FAST-all	make_v1	37	4.0335	0.200811	0.6842105263	0.9165714286	1
FAST-all	make_v1	38	4.012679	0.291145	0.5263157895	0.6822857143	1
FAST-all	make_v1	39	4.070603	0.285222	0	0.6571428571	3
FAST-all	make_v1	40	4.030802	0.284821	0	0.7097142857	1
FAST-all	make_v1	41	4.121265	0.245151	0.5263157895	0.8285714286	1
FAST-all	make_v1	42	4.159275	0.232185	0.6842105263	0.8434285714	1
FAST-all	make_v1	43	4.040032	0.349294	0.5263157895	0.8594285714	4
FAST-all	make_v1	44	4.076961	0.191758	0.6842105263	0.9222857143	4
FAST-all	make_v1	45	4.013904	0.254021	0	0.8628571429	2
FAST-all	make_v1	46	4.062706	0.261345	0.5263157895	0.8628571429	3
FAST-all	make_v1	47	4.009356	0.495595	0.5263157895	0.1394285714	1
FAST-all	make_v1	48	4.004985	0.476944	0	0.0651428571	4
FAST-all	make_v1	49	4.036695	0.443502	0.6842105263	0.9005714286	3
FAST-all	make_v1	50	4.548102	0.360511	0.5263157895	0.7394285714	3
FAST-all	sed_v6	1	0.930251	0.294834	0	0.0486486486	1
FAST-all	sed_v6	2	0.955333	0.297531	0	0.0324324324	4
FAST-all	sed_v6	3	1.016928	0.279133	0	0.0783783784	5
FAST-all	sed_v6	4	0.974269	0.356119	0	0.0108108108	6
FAST-all	sed_v6	5	0.967815	0.28457	0	0.0567567568	1
FAST-all	sed_v6	6	0.981208	0.40052	0	0.0351351351	5
FAST-all	sed_v6	7	0.964675	0.387326	0	0.0540540541	3
FAST-all	sed_v6	8	0.939202	0.262385	0	0.0540540541	1
FAST-all	sed_v6	9	0.936702	0.240854	0	0.0864864865	1
FAST-all	sed_v6	10	0.988574	0.222947	0	0.0783783784	1
FAST-all	sed_v6	11	1.004476	0.261669	0	0.027027027	4
FAST-all	sed_v6	12	0.947901	0.212412	0	0.0513513514	1
FAST-all	sed_v6	13	0.942421	0.448094	0	0.0216216216	3
FAST-all	sed_v6	14	0.943971	0.204553	0	0.0081081081	1
FAST-all	sed_v6	15	0.929561	0.274364	0	0.0378378378	1
FAST-all	sed_v6	16	0.928132	0.260995	0	0.0702702703	3
FAST-all	sed_v6	17	0.92701	0.269645	0	0.0378378378	1
FAST-all	sed_v6	18	0.94381	0.22129	0	0.0621621622	1
FAST-all	sed_v6	19	0.955397	0.300878	0	0.0702702703	3
FAST-all	sed_v6	20	0.939857	0.324556	0	0.0108108108	5
FAST-all	sed_v6	21	0.936363	0.228939	0	0.0864864865	2
FAST-all	sed_v6	22	0.946004	0.254831	0	0.072972973	5
FAST-all	sed_v6	23	0.921161	0.295255	0	0.0648648649	6
FAST-all	sed_v6	24	0.967169	0.267835	0	0.0540540541	3
FAST-all	sed_v6	25	0.94338	0.259254	0	0.0081081081	1
FAST-all	sed_v6	26	0.947501	0.218328	0	0.0621621622	1
FAST-all	sed_v6	27	0.926765	0.308757	0	0.0486486486	3
FAST-all	sed_v6	28	0.943567	0.259324	0	0.0378378378	8
FAST-all	sed_v6	29	1.040134	0.28509	0	0.0594594595	7
FAST-all	sed_v6	30	0.91592	0.278523	0	0.0567567568	3
FAST-all	sed_v6	31	0.989117	0.207198	0	0.272972973	3
FAST-all	sed_v6	32	0.931871	0.22166	0	0.0675675676	1
FAST-all	sed_v6	33	0.920854	0.208141	0	0.0675675676	1
FAST-all	sed_v6	34	0.932693	0.396662	0	0.0216216216	1
FAST-all	sed_v6	35	0.934302	0.305786	0	0.0594594595	1
FAST-all	sed_v6	36	0.919646	0.269698	0	0.1054054054	1
FAST-all	sed_v6	37	0.930009	0.230887	0	0.0864864865	1
FAST-all	sed_v6	38	0.886112	0.18771	0	0.1945945946	2
FAST-all	sed_v6	39	0.896649	0.21701	0	0.0675675676	1
FAST-all	sed_v6	40	0.889896	0.294162	0	0.0567567568	3
FAST-all	sed_v6	41	0.952569	0.199529	0	0.0756756757	1
FAST-all	sed_v6	42	0.979821	0.252729	0	0.0567567568	1
FAST-all	sed_v6	43	1.029512	0.288282	0	0.1054054054	1
FAST-all	sed_v6	44	1.023984	0.286843	0	0.0378378378	1
FAST-all	sed_v6	45	1.001065	0.303775	0	0.0324324324	5
FAST-all	sed_v6	46	0.946581	0.252766	0	0.0702702703	4
FAST-all	sed_v6	47	0.94759	0.278739	0	0.0594594595	7
FAST-all	sed_v6	48	1.005305	0.251282	0	0.0756756757	1
FAST-all	sed_v6	49	0.979932	0.403987	0	0.0351351351	3
FAST-all	sed_v6	50	0.943641	0.260944	0	0.0891891892	1
FAST-CS	flex_v3	1	0.326426	0.627738	0	0.8955223881	1
FAST-CS	flex_v3	2	0.343363	0.656597	0	0.9029850746	3
FAST-CS	flex_v3	3	0.331705	0.690246	0	0.9044776119	1
FAST-CS	flex_v3	4	0.299627	0.736798	0	0.9089552239	1
FAST-CS	flex_v3	5	0.44515	0.651982	0	0.9149253731	3
FAST-CS	flex_v3	6	0.342072	0.549315	0	0.9089552239	1
FAST-CS	flex_v3	7	0.341834	0.675797	0	0.9044776119	2
FAST-CS	flex_v3	8	0.318958	0.628949	0	0.9119402985	2
FAST-CS	flex_v3	9	0.323291	0.645906	0	0.9	1
FAST-CS	flex_v3	10	0.340993	0.619328	0	0.9	5
FAST-CS	flex_v3	11	0.32288	0.628548	0	0.9	1
FAST-CS	flex_v3	12	0.339944	0.609471	0	0.9014925373	1
FAST-CS	flex_v3	13	0.345939	0.649565	0	0.8985074627	1
FAST-CS	flex_v3	14	0.336315	0.606418	0	0.9074626866	1
FAST-CS	flex_v3	15	0.316936	0.608442	0	0.9014925373	3
FAST-CS	flex_v3	16	0.31378	0.669684	0	0.8925373134	1
FAST-CS	flex_v3	17	0.326632	0.635129	0	0.9	1
FAST-CS	flex_v3	18	0.3884	0.655321	0	0.8880597015	1
FAST-CS	flex_v3	19	0.362709	0.645348	0	0.9	3
FAST-CS	flex_v3	20	0.360423	0.620838	0	0.9014925373	1
FAST-CS	flex_v3	21	0.338887	0.704104	0	0.9044776119	2
FAST-CS	flex_v3	22	0.326658	0.688753	0	0.9	1
FAST-CS	flex_v3	23	0.342718	0.646014	0	0.9029850746	2
FAST-CS	flex_v3	24	0.340617	0.628137	0	0.9074626866	2
FAST-CS	flex_v3	25	0.343728	0.649494	0	0.8970149254	7
FAST-CS	flex_v3	26	0.320988	0.574115	0	0.9059701493	1
FAST-CS	flex_v3	27	0.323645	0.696969	0	0.9044776119	2
FAST-CS	flex_v3	28	0.332787	0.658371	0	0.9119402985	3
FAST-CS	flex_v3	29	0.339054	0.81513	0	0.8955223881	1
FAST-CS	flex_v3	30	0.339801	0.595313	0	0.9074626866	1
FAST-CS	flex_v3	31	0.453427	0.588439	0	0.9059701493	1
FAST-CS	flex_v3	32	0.302032	0.674383	0	0.8940298507	1
FAST-CS	flex_v3	33	0.326087	0.575012	0	0.9044776119	2
FAST-CS	flex_v3	34	0.334322	0.614582	0	0.9014925373	1
FAST-CS	flex_v3	35	0.342962	0.608799	0	0.9074626866	3
FAST-CS	flex_v3	36	0.329865	0.635132	0	0.9074626866	4
FAST-CS	flex_v3	37	0.374822	0.646826	0	0.8970149254	6
FAST-CS	flex_v3	38	0.455283	0.626639	0	0.8940298507	1
FAST-CS	flex_v3	39	0.435126	0.615954	0	0.8955223881	1
FAST-CS	flex_v3	40	0.332643	0.624191	0	0.9014925373	1
FAST-CS	flex_v3	41	0.337626	0.663106	0	0.9014925373	6
FAST-CS	flex_v3	42	0.332721	0.604894	0	0.9104477612	2
FAST-CS	flex_v3	43	0.338046	0.591718	0	0.9089552239	1
FAST-CS	flex_v3	44	0.346162	0.660418	0	0.9014925373	4
FAST-CS	flex_v3	45	0.344145	0.649035	0	0.9089552239	1
FAST-CS	flex_v3	46	0.356159	0.624602	0	0.9014925373	1
FAST-CS	flex_v3	47	0.329127	0.541938	0	0.9044776119	1
FAST-CS	flex_v3	48	0.305246	0.641723	0	0.9	2
FAST-CS	flex_v3	49	0.341388	0.615591	0	0.9014925373	1
FAST-CS	flex_v3	50	0.337643	0.739178	0	0.8955223881	1
FAST-CS	grep_v3	1	0.39166	0.605444	0	0.8776266996	1
FAST-CS	grep_v3	2	0.389461	0.565578	0	0.8726823239	1
FAST-CS	grep_v3	3	0.367568	0.636968	0.125	0.8665018541	1
FAST-CS	grep_v3	4	0.368628	0.662184	0.125	0.868974042	1
FAST-CS	grep_v3	5	0.361079	0.633613	0.125	0.8739184178	1
FAST-CS	grep_v3	6	0.385358	0.648114	0	0.8665018541	2
FAST-CS	grep_v3	7	0.360206	0.567812	0.125	0.8714462299	1
FAST-CS	grep_v3	8	0.375155	0.622205	0.125	0.870210136	1
FAST-CS	grep_v3	9	0.350981	0.535339	0.125	0.8665018541	1
FAST-CS	grep_v3	10	0.38198	0.598989	0.125	0.8627935723	1
FAST-CS	grep_v3	11	0.366015	0.640137	0.125	0.8677379481	1
FAST-CS	grep_v3	12	0.375142	0.59185	0.125	0.8751545117	1
FAST-CS	grep_v3	13	0.362797	0.655246	0.125	0.870210136	1
FAST-CS	grep_v3	14	0.382556	0.687231	0	0.8677379481	2
FAST-CS	grep_v3	15	0.351394	0.56149	0	0.870210136	1
FAST-CS	grep_v3	16	0.380271	0.543825	0	0.8751545117	1
FAST-CS	grep_v3	17	0.350264	0.558075	0	0.870210136	1
FAST-CS	grep_v3	18	0.376732	0.67851	0.125	0.8627935723	1
FAST-CS	grep_v3	19	0.379315	0.585327	0.125	0.870210136	2
FAST-CS	grep_v3	20	0.372397	0.736294	0.125	0.8751545117	2
FAST-CS	grep_v3	21	0.384028	0.696494	0	0.8714462299	1
FAST-CS	grep_v3	22	0.380788	0.498785	0.125	0.8652657602	1
FAST-CS	grep_v3	23	0.353247	0.552095	0.125	0.8714462299	1
FAST-CS	grep_v3	24	0.374629	0.636182	0.125	0.8776266996	2
FAST-CS	grep_v3	25	0.384988	0.745982	0.125	0.868974042	2
FAST-CS	grep_v3	26	0.380675	0.651781	0.125	0.8714462299	1
FAST-CS	grep_v3	27	0.380087	0.546253	0.125	0.868974042	1
FAST-CS	grep_v3	28	0.366138	0.724705	0.125	0.8763906057	1
FAST-CS	grep_v3	29	0.38706	0.720357	0.125	0.8627935723	1
FAST-CS	grep_v3	30	0.384873	0.592111	0.125	0.8665018541	1
FAST-CS	grep_v3	31	0.371047	0.724662	0.125	0.868974042	1
FAST-CS	grep_v3	32	0.349791	0.865403	0	0.868974042	1
FAST-CS	grep_v3	33	0.38129	0.60642	0.125	0.8677379481	1
FAST-CS	grep_v3	34	0.380009	0.579614	0.125	0.8714462299	1
FAST-CS	grep_v3	35	0.379256	0.554283	0.125	0.8739184178	1
FAST-CS	grep_v3	36	0.342444	0.636167	0.125	0.8665018541	1
FAST-CS	grep_v3	37	0.338513	0.633465	0	0.870210136	1
FAST-CS	grep_v3	38	0.375975	0.666236	0.125	0.8603213844	1
FAST-CS	grep_v3	39	0.372469	0.570097	0.125	0.870210136	1
FAST-CS	grep_v3	40	0.366987	0.578074	0.125	0.870210136	1
FAST-CS	grep_v3	41	0.375378	0.75583	0.125	0.8776266996	1
FAST-CS	grep_v3	42	0.349176	0.595193	0.125	0.868974042	1
FAST-CS	grep_v3	43	0.346184	0.528725	0.125	0.8763906057	1
FAST-CS	grep_v3	44	0.366814	0.683863	0.125	0.8652657602	1
FAST-CS	grep_v3	45	0.369199	0.570138	0.125	0.870210136	1
FAST-CS	grep_v3	46	0.480027	0.744676	0.125	0.868974042	2
FAST-CS	grep_v3	47	0.380345	0.607703	0.125	0.8714462299	1
FAST-CS	grep_v3	48	0.379633	0.556806	0.125	0.870210136	1
FAST-CS	grep_v3	49	0.385204	0.584277	0.125	0.8726823239	1
FAST-CS	grep_v3	50	0.364301	0.555798	0.125	0.868974042	1
FAST-CS	gzip_v1	1	0.15048	0.070042	0.1428571429	0.8738317757	1
FAST-CS	gzip_v1	2	0.162771	0.070138	0.1428571429	0.8644859813	1
FAST-CS	gzip_v1	3	0.18682	0.07702	0.1428571429	0.8644859813	1
FAST-CS	gzip_v1	4	0.144496	0.06393	0.1428571429	0.8644859813	1
FAST-CS	gzip_v1	5	0.137174	0.072809	0	0.8738317757	1
FAST-CS	gzip_v1	6	0.157921	0.065474	0.1428571429	0.8878504673	1
FAST-CS	gzip_v1	7	0.157263	0.06768	0.1428571429	0.8831775701	1
FAST-CS	gzip_v1	8	0.156513	0.080539	0.1428571429	0.8644859813	1
FAST-CS	gzip_v1	9	0.153739	0.071102	0.1428571429	0.8878504673	1
FAST-CS	gzip_v1	10	0.142179	0.064378	0	0.8738317757	1
FAST-CS	gzip_v1	11	0.14641	0.064206	0.1428571429	0.8738317757	1
FAST-CS	gzip_v1	12	0.13055	0.059368	0	0.8785046729	1
FAST-CS	gzip_v1	13	0.134419	0.062638	0.1428571429	0.8831775701	1
FAST-CS	gzip_v1	14	0.141017	0.062925	0.1428571429	0.8785046729	1
FAST-CS	gzip_v1	15	0.138643	0.058576	0.1428571429	0.8785046729	1
FAST-CS	gzip_v1	16	0.138572	0.056933	0.1428571429	0.8691588785	1
FAST-CS	gzip_v1	17	0.128069	0.057761	0.1428571429	0.8785046729	1
FAST-CS	gzip_v1	18	0.127617	0.075124	0.1428571429	0.8785046729	1
FAST-CS	gzip_v1	19	0.130302	0.064536	0.1428571429	0.8831775701	2
FAST-CS	gzip_v1	20	0.140739	0.066264	0.1428571429	0.8831775701	1
FAST-CS	gzip_v1	21	0.156468	0.065814	0.1428571429	0.8831775701	1
FAST-CS	gzip_v1	22	0.156693	0.076119	0.1428571429	0.8738317757	1
FAST-CS	gzip_v1	23	0.164207	0.068398	0.1428571429	0.8691588785	1
FAST-CS	gzip_v1	24	0.159659	0.070477	0.1428571429	0.8691588785	1
FAST-CS	gzip_v1	25	0.158521	0.064185	0.1428571429	0.8925233645	1
FAST-CS	gzip_v1	26	0.157368	0.063829	0.1428571429	0.8785046729	1
FAST-CS	gzip_v1	27	0.15648	0.07193	0.1428571429	0.8738317757	1
FAST-CS	gzip_v1	28	0.16231	0.067442	0.1428571429	0.8878504673	1
FAST-CS	gzip_v1	29	0.155836	0.067597	0.1428571429	0.8644859813	1
FAST-CS	gzip_v1	30	0.156244	0.06869	0	0.8785046729	1
FAST-CS	gzip_v1	31	0.155085	0.06209	0.1428571429	0.8831775701	1
FAST-CS	gzip_v1	32	0.144124	0.067721	0.1428571429	0.8691588785	1
FAST-CS	gzip_v1	33	0.143593	0.065262	0.1428571429	0.8878504673	1
FAST-CS	gzip_v1	34	0.142717	0.066633	0.1428571429	0.8738317757	1
FAST-CS	gzip_v1	35	0.163732	0.067846	0.1428571429	0.8878504673	1
FAST-CS	gzip_v1	36	0.164272	0.066219	0.1428571429	0.8831775701	1
FAST-CS	gzip_v1	37	0.162256	0.068565	0	0.8785046729	1
FAST-CS	gzip_v1	38	0.157093	0.066417	0.1428571429	0.8785046729	1
FAST-CS	gzip_v1	39	0.160535	0.067478	0	0.8738317757	1
FAST-CS	gzip_v1	40	0.161616	0.09694	0.1428571429	0.8878504673	1
FAST-CS	gzip_v1	41	0.159117	0.068917	0.1428571429	0.8831775701	1
FAST-CS	gzip_v1	42	0.160586	0.068996	0.1428571429	0.8738317757	1
FAST-CS	gzip_v1	43	0.153563	0.063665	0.1428571429	0.8785046729	1
FAST-CS	gzip_v1	44	0.156033	0.071195	0	0.8785046729	2
FAST-CS	gzip_v1	45	0.156609	0.066192	0.1428571429	0.8785046729	1
FAST-CS	gzip_v1	46	0.160319	0.080893	0.1428571429	0.8831775701	3
FAST-CS	gzip_v1	47	0.15866	0.070404	0.1428571429	0.8691588785	1
FAST-CS	gzip_v1	48	0.152843	0.077509	0.1428571429	0.8785046729	2
FAST-CS	gzip_v1	49	0.152765	0.083136	0.1428571429	0.8738317757	1
FAST-CS	gzip_v1	50	0.157558	0.070665	0.1428571429	0.8831775701	1
FAST-CS	make_v1	1	0.443131	0.601588	0.6842105263	0.9645714286	1
FAST-CS	make_v1	2	0.456893	0.672015	0.6842105263	0.96	5
FAST-CS	make_v1	3	0.456272	0.622727	0.6842105263	0.9634285714	1
FAST-CS	make_v1	4	0.427943	0.645033	0.5263157895	0.9611428571	1
FAST-CS	make_v1	5	0.43768	0.534538	0.6842105263	0.9634285714	4
FAST-CS	make_v1	6	0.419847	0.547969	0.6842105263	0.9657142857	1
FAST-CS	make_v1	7	0.433375	0.602174	0.6842105263	0.96	1
FAST-CS	make_v1	8	0.470926	0.543132	0.6842105263	0.9645714286	1
FAST-CS	make_v1	9	0.446237	0.536828	0.6842105263	0.9645714286	1
FAST-CS	make_v1	10	0.438151	0.535681	0.6842105263	0.968	1
FAST-CS	make_v1	11	0.432036	0.54925	0.6842105263	0.9657142857	1
FAST-CS	make_v1	12	0.419951	0.552066	0.6842105263	0.9668571429	4
FAST-CS	make_v1	13	0.439979	0.575668	0.6842105263	0.9622857143	2
FAST-CS	make_v1	14	0.585318	0.589618	0.6842105263	0.9611428571	4
FAST-CS	make_v1	15	0.610855	0.582783	0.6842105263	0.9622857143	1
FAST-CS	make_v1	16	0.430281	0.581044	0.6842105263	0.9634285714	3
FAST-CS	make_v1	17	0.432461	0.534549	0.6842105263	0.9657142857	1
FAST-CS	make_v1	18	0.446779	0.559969	0.6842105263	0.9668571429	1
FAST-CS	make_v1	19	0.451276	0.598778	0.6842105263	0.9657142857	1
FAST-CS	make_v1	20	0.452738	0.50839	0.6842105263	0.9645714286	1
FAST-CS	make_v1	21	0.37601	0.562298	0.6842105263	0.9657142857	1
FAST-CS	make_v1	22	0.438238	0.548936	0.6842105263	0.9645714286	7
FAST-CS	make_v1	23	0.44287	0.521456	0.6842105263	0.9657142857	1
FAST-CS	make_v1	24	0.409837	0.610677	0.6842105263	0.9668571429	2
FAST-CS	make_v1	25	0.448649	0.580602	0.6842105263	0.9622857143	2
FAST-CS	make_v1	26	0.57117	0.56593	0.6842105263	0.9657142857	1
FAST-CS	make_v1	27	0.414922	0.648912	0.6842105263	0.9645714286	2
FAST-CS	make_v1	28	0.386426	0.531752	0.6842105263	0.9645714286	2
FAST-CS	make_v1	29	0.415391	0.565725	0.6842105263	0.9622857143	1
FAST-CS	make_v1	30	0.399421	0.532517	0.6842105263	0.9657142857	1
FAST-CS	make_v1	31	0.423594	0.506756	0.6842105263	0.9668571429	2
FAST-CS	make_v1	32	0.399567	0.55661	0.6842105263	0.9657142857	2
FAST-CS	make_v1	33	0.540751	0.5067	0.6842105263	0.9657142857	1
FAST-CS	make_v1	34	0.573573	0.573584	0.6842105263	0.9645714286	1
FAST-CS	make_v1	35	0.41735	0.599286	0.5263157895	0.9622857143	1
FAST-CS	make_v1	36	0.450109	0.571049	0.6842105263	0.9657142857	1
FAST-CS	make_v1	37	0.44483	0.559907	0.6842105263	0.9634285714	1
FAST-CS	make_v1	38	0.420911	0.549294	0.6842105263	0.9657142857	2
FAST-CS	make_v1	39	0.57108	0.579863	0.6842105263	0.9622857143	1
FAST-CS	make_v1	40	0.409549	0.562015	0.6842105263	0.9645714286	1
FAST-CS	make_v1	41	0.425685	0.603644	0.6842105263	0.9634285714	3
FAST-CS	make_v1	42	0.405052	0.563556	0.6842105263	0.9611428571	1
FAST-CS	make_v1	43	0.446701	0.555221	0.6842105263	0.9657142857	2
FAST-CS	make_v1	44	0.41244	0.531826	0.6842105263	0.968	1
FAST-CS	make_v1	45	0.470045	0.522179	0.6842105263	0.9645714286	3
FAST-CS	make_v1	46	0.424397	0.589546	0.6842105263	0.9645714286	3
FAST-CS	make_v1	47	0.418976	0.578334	0.6842105263	0.9634285714	2
FAST-CS	make_v1	48	0.431474	0.575129	0.6842105263	0.968	1
FAST-CS	make_v1	49	0.448623	0.544602	0.6842105263	0.968	2
FAST-CS	make_v1	50	0.559092	0.696307	0.6842105263	0.9622857143	2
FAST-CS	sed_v6	1	0.22548	0.280836	0.1666666667	0.872972973	2
FAST-CS	sed_v6	2	0.223274	0.246921	0.1666666667	0.872972973	1
FAST-CS	sed_v6	3	0.229668	0.283143	0.1666666667	0.8621621622	3
FAST-CS	sed_v6	4	0.208769	0.208407	0.1666666667	0.8837837838	2
FAST-CS	sed_v6	5	0.191803	0.225894	0.1666666667	0.8756756757	2
FAST-CS	sed_v6	6	0.204936	0.254556	0.1666666667	0.8945945946	2
FAST-CS	sed_v6	7	0.215799	0.248579	0	0.8567567568	2
FAST-CS	sed_v6	8	0.224574	0.23583	0.1666666667	0.8702702703	1
FAST-CS	sed_v6	9	0.223143	0.253063	0.1666666667	0.8783783784	1
FAST-CS	sed_v6	10	0.223457	0.243792	0	0.8783783784	1
FAST-CS	sed_v6	11	0.224091	0.226276	0	0.8648648649	1
FAST-CS	sed_v6	12	0.209441	0.228659	0.1666666667	0.8756756757	1
FAST-CS	sed_v6	13	0.196019	0.232627	0.1666666667	0.8702702703	2
FAST-CS	sed_v6	14	0.213096	0.272543	0.1666666667	0.9	4
FAST-CS	sed_v6	15	0.220263	0.241691	0.1666666667	0.8783783784	1
FAST-CS	sed_v6	16	0.207872	0.267139	0.1666666667	0.8648648649	3
FAST-CS	sed_v6	17	0.215082	0.273364	0.1666666667	0.8567567568	1
FAST-CS	sed_v6	18	0.215791	0.255202	0	0.8540540541	1
FAST-CS	sed_v6	19	0.227761	0.235317	0.1666666667	0.8864864865	1
FAST-CS	sed_v6	20	0.224082	0.250882	0.1666666667	0.8756756757	1
FAST-CS	sed_v6	21	0.225647	0.223614	0.1666666667	0.8837837838	1
FAST-CS	sed_v6	22	0.218379	0.292927	0.1666666667	0.8675675676	2
FAST-CS	sed_v6	23	0.223209	0.242789	0.1666666667	0.8783783784	4
FAST-CS	sed_v6	24	0.217132	0.318783	0.1666666667	0.8810810811	3
FAST-CS	sed_v6	25	0.222393	0.22974	0	0.8945945946	1
FAST-CS	sed_v6	26	0.223843	0.285902	0.1666666667	0.8702702703	3
FAST-CS	sed_v6	27	0.22711	0.234652	0.1666666667	0.8810810811	1
FAST-CS	sed_v6	28	0.228909	0.240203	0.1666666667	0.8891891892	2
FAST-CS	sed_v6	29	0.224861	0.244512	0.1666666667	0.8810810811	3
FAST-CS	sed_v6	30	0.219315	0.26546	0	0.8567567568	1
FAST-CS	sed_v6	31	0.214801	0.246541	0.1666666667	0.8783783784	1
FAST-CS	sed_v6	32	0.213777	0.260284	0	0.8621621622	2
FAST-CS	sed_v6	33	0.218287	0.254404	0.1666666667	0.8783783784	2
FAST-CS	sed_v6	34	0.212543	0.256237	0	0.8891891892	1
FAST-CS	sed_v6	35	0.226049	0.242094	0.1666666667	0.8702702703	1
FAST-CS	sed_v6	36	0.218091	0.227814	0.1666666667	0.8810810811	1
FAST-CS	sed_v6	37	0.197488	0.224426	0	0.8783783784	1
FAST-CS	sed_v6	38	0.201504	0.229831	0.1666666667	0.8837837838	1
FAST-CS	sed_v6	39	0.228992	0.236107	0.1666666667	0.872972973	1
FAST-CS	sed_v6	40	0.21036	0.237601	0.1666666667	0.8756756757	1
FAST-CS	sed_v6	41	0.228182	0.313787	0	0.872972973	6
FAST-CS	sed_v6	42	0.223556	0.26898	0.1666666667	0.8810810811	1
FAST-CS	sed_v6	43	0.2249	0.267628	0	0.8783783784	6
FAST-CS	sed_v6	44	0.216524	0.265199	0	0.8675675676	2
FAST-CS	sed_v6	45	0.215284	0.23216	0	0.8756756757	1
FAST-CS	sed_v6	46	0.223796	0.257386	0.1666666667	0.8837837838	1
FAST-CS	sed_v6	47	0.219389	0.227757	0.1666666667	0.8810810811	1
FAST-CS	sed_v6	48	0.214309	0.222221	0.1666666667	0.8675675676	3
FAST-CS	sed_v6	49	0.194315	0.21411	0.1666666667	0.8918918919	1
FAST-CS	sed_v6	50	0.209017	0.238368	0.1666666667	0.8864864865	3
FAST-pw	flex_v3	1	1.591521	0.563188	0	0.8925373134	1
FAST-pw	flex_v3	2	1.626994	0.48923	0	0.8940298507	1
FAST-pw	flex_v3	3	1.59437	0.497178	0	0.8925373134	3
FAST-pw	flex_v3	4	1.63349	0.462693	0	0.8985074627	3
FAST-pw	flex_v3	5	1.741092	0.687695	0	0.8940298507	1
FAST-pw	flex_v3	6	1.614293	0.472729	0	0.8955223881	1
FAST-pw	flex_v3	7	1.633954	0.481267	0	0.8940298507	1
FAST-pw	flex_v3	8	1.638606	0.533589	0	0.8940298507	1
FAST-pw	flex_v3	9	1.615977	0.531962	0	0.8940298507	1
FAST-pw	flex_v3	10	1.627302	0.438251	0	0.8985074627	3
FAST-pw	flex_v3	11	1.623085	0.447847	0	0.8940298507	3
FAST-pw	flex_v3	12	1.61628	0.50446	0	0.8925373134	3
FAST-pw	flex_v3	13	1.61088	0.467116	0	0.8955223881	1
FAST-pw	flex_v3	14	1.629474	0.438299	0	0.8940298507	2
FAST-pw	flex_v3	15	1.752173	0.448339	0	0.8940298507	1
FAST-pw	flex_v3	16	1.617669	0.369646	0	0.8955223881	3
FAST-pw	flex_v3	17	1.618837	0.467496	0	0.8940298507	3
FAST-pw	flex_v3	18	1.61561	0.581952	0	0.8925373134	1
FAST-pw	flex_v3	19	1.626765	0.408272	0	0.8940298507	3
FAST-pw	flex_v3	20	1.639473	0.486299	0	0.8925373134	3
FAST-pw	flex_v3	21	1.622636	0.367995	0	0.8970149254	1
FAST-pw	flex_v3	22	1.755428	0.52521	0	0.8955223881	1
FAST-pw	flex_v3	23	1.614388	0.41652	0	0.8940298507	3
FAST-pw	flex_v3	24	1.636339	0.48784	0	0.8940298507	3
FAST-pw	flex_v3	25	1.617146	0.655451	0	0.8925373134	3
FAST-pw	flex_v3	26	1.623646	0.389438	0	0.8955223881	3
FAST-pw	flex_v3	27	1.631262	0.494424	0	0.8955223881	1
FAST-pw	flex_v3	28	1.659377	0.431804	0	0.8940298507	3
FAST-pw	flex_v3	29	1.62669	0.502583	0	0.8925373134	1
FAST-pw	flex_v3	30	1.618664	0.416708	0	0.8955223881	3
FAST-pw	flex_v3	31	1.629135	0.386029	0	0.8955223881	1
FAST-pw	flex_v3	32	1.638256	0.618563	0	0.8955223881	1
FAST-pw	flex_v3	33	1.620539	0.410981	0	0.8955223881	3
FAST-pw	flex_v3	34	1.641965	0.486842	0	0.8940298507	1
FAST-pw	flex_v3	35	1.63824	0.500211	0	0.8940298507	3
FAST-pw	flex_v3	36	1.653874	0.372267	0	0.8955223881	3
FAST-pw	flex_v3	37	1.644739	0.579523	0	0.8925373134	1
FAST-pw	flex_v3	38	1.637601	0.454567	0	0.8940298507	3
FAST-pw	flex_v3	39	1.771076	0.4231	0	0.8925373134	1
FAST-pw	flex_v3	40	1.65053	0.613528	0	0.8910447761	2
FAST-pw	flex_v3	41	1.631509	0.630781	0	0.8940298507	3
FAST-pw	flex_v3	42	1.640018	0.591627	0	0.8985074627	3
FAST-pw	flex_v3	43	1.636022	0.507247	0	0.8940298507	3
FAST-pw	flex_v3	44	1.644894	0.527176	0	0.8925373134	1
FAST-pw	flex_v3	45	1.648497	0.437852	0	0.8940298507	3
FAST-pw	flex_v3	46	1.632173	0.602089	0	0.8940298507	1
FAST-pw	flex_v3	47	1.630479	0.503914	0	0.8940298507	1
FAST-pw	flex_v3	48	1.618797	0.452407	0	0.8940298507	3
FAST-pw	flex_v3	49	1.620009	0.463056	0	0.8925373134	1
FAST-pw	flex_v3	50	1.650574	0.459814	0	0.8940298507	1
FAST-pw	grep_v3	1	1.122157	0.777435	0.125	0.8529048208	2
FAST-pw	grep_v3	2	1.080476	0.604166	0.125	0.8541409147	1
FAST-pw	grep_v3	3	1.09031	0.642023	0.125	0.8541409147	1
FAST-pw	grep_v3	4	1.155017	0.657108	0.125	0.8529048208	1
FAST-pw	grep_v3	5	1.076638	0.572191	0.125	0.8615574784	1
FAST-pw	grep_v3	6	1.075837	0.520088	0.125	0.8553770087	1
FAST-pw	grep_v3	7	1.069049	0.629621	0.125	0.8553770087	1
FAST-pw	grep_v3	8	1.090934	0.66001	0.125	0.8541409147	1
FAST-pw	grep_v3	9	1.053587	0.588461	0.125	0.8578491965	1
FAST-pw	grep_v3	10	1.09109	0.730054	0.125	0.8541409147	1
FAST-pw	grep_v3	11	1.080193	0.742671	0.125	0.8529048208	1
FAST-pw	grep_v3	12	1.078511	0.72301	0.125	0.8504326329	1
FAST-pw	grep_v3	13	1.066796	0.708162	0.125	0.8541409147	1
FAST-pw	grep_v3	14	1.062052	0.708552	0.125	0.8541409147	1
FAST-pw	grep_v3	15	1.073766	0.575812	0.125	0.8566131026	1
FAST-pw	grep_v3	16	1.152668	0.605292	0.125	0.8529048208	1
FAST-pw	grep_v3	17	1.083528	0.644117	0.125	0.8541409147	1
FAST-pw	grep_v3	18	1.085989	0.588228	0.125	0.8578491965	1
FAST-pw	grep_v3	19	1.06619	0.639308	0.125	0.8529048208	2
FAST-pw	grep_v3	20	1.059741	0.658323	0.125	0.8566131026	1
FAST-pw	grep_v3	21	1.065662	0.582543	0.125	0.8566131026	1
FAST-pw	grep_v3	22	1.081896	0.689028	0.125	0.8541409147	1
FAST-pw	grep_v3	23	1.077518	0.743891	0.125	0.8541409147	1
FAST-pw	grep_v3	24	1.077913	0.75907	0.125	0.8529048208	2
FAST-pw	grep_v3	25	1.075431	0.761968	0.125	0.8541409147	1
FAST-pw	grep_v3	26	1.079305	0.708023	0.125	0.8516687268	2
FAST-pw	grep_v3	27	1.083592	0.782279	0.125	0.8529048208	1
FAST-pw	grep_v3	28	1.134774	0.769427	0.125	0.8541409147	1
FAST-pw	grep_v3	29	1.082215	0.630162	0.125	0.8516687268	1
FAST-pw	grep_v3	30	1.075929	0.618682	0.125	0.8566131026	1
FAST-pw	grep_v3	31	1.070843	0.689319	0.125	0.8566131026	1
FAST-pw	grep_v3	32	1.063171	0.610277	0.125	0.8541409147	1
FAST-pw	grep_v3	33	1.117211	0.711825	0.125	0.8541409147	1
FAST-pw	grep_v3	34	1.082023	0.4825	0.125	0.8590852905	1
FAST-pw	grep_v3	35	1.094664	0.66282	0.125	0.8516687268	2
FAST-pw	grep_v3	36	1.085421	0.824353	0.125	0.8529048208	1
FAST-pw	grep_v3	37	1.082652	0.655911	0.125	0.8516687268	1
FAST-pw	grep_v3	38	1.111852	0.634373	0.125	0.8541409147	1
FAST-pw	grep_v3	39	1.103564	0.694953	0.125	0.8516687268	1
FAST-pw	grep_v3	40	1.083547	0.77399	0.125	0.8504326329	1
FAST-pw	grep_v3	41	1.090969	0.734092	0.125	0.8541409147	1
FAST-pw	grep_v3	42	1.06436	0.752554	0.125	0.8541409147	2
FAST-pw	grep_v3	43	1.070721	0.722551	0.125	0.8553770087	1
FAST-pw	grep_v3	44	1.077817	0.755887	0.125	0.8529048208	1
FAST-pw	grep_v3	45	1.115892	0.512959	0.125	0.8566131026	1
FAST-pw	grep_v3	46	1.080226	1.32826	0.125	0.8504326329	2
FAST-pw	grep_v3	47	1.088723	0.648726	0.125	0.8566131026	1
FAST-pw	grep_v3	48	1.107816	0.692358	0.125	0.8566131026	1
FAST-pw	grep_v3	49	1.073667	0.719088	0.125	0.8541409147	1
FAST-pw	grep_v3	50	1.072509	0.520014	0.125	0.8578491965	1
FAST-pw	gzip_v1	1	0.27201	0.04268	0.1428571429	0.8738317757	1
FAST-pw	gzip_v1	2	0.258004	0.048513	0.1428571429	0.8831775701	1
FAST-pw	gzip_v1	3	0.260902	0.044331	0.1428571429	0.8831775701	1
FAST-pw	gzip_v1	4	0.254667	0.045133	0.1428571429	0.8831775701	1
FAST-pw	gzip_v1	5	0.251049	0.046859	0.1428571429	0.8831775701	1
FAST-pw	gzip_v1	6	0.247818	0.044039	0.1428571429	0.8831775701	1
FAST-pw	gzip_v1	7	0.253315	0.049333	0.1428571429	0.8738317757	1
FAST-pw	gzip_v1	8	0.251609	0.042098	0	0.8785046729	1
FAST-pw	gzip_v1	9	0.238896	0.043742	0.1428571429	0.8738317757	1
FAST-pw	gzip_v1	10	0.23254	0.042924	0	0.8785046729	1
FAST-pw	gzip_v1	11	0.237327	0.04495	0.1428571429	0.8785046729	1
FAST-pw	gzip_v1	12	0.234867	0.043464	0.1428571429	0.8738317757	1
FAST-pw	gzip_v1	13	0.237043	0.054341	0.1428571429	0.8691588785	1
FAST-pw	gzip_v1	14	0.238888	0.04604	0.1428571429	0.8831775701	1
FAST-pw	gzip_v1	15	0.260631	0.046145	0.1428571429	0.8785046729	1
FAST-pw	gzip_v1	16	0.266208	0.052402	0.1428571429	0.8738317757	1
FAST-pw	gzip_v1	17	0.266192	0.063402	0.1428571429	0.8878504673	2
FAST-pw	gzip_v1	18	0.264778	0.073435	0.1428571429	0.8831775701	1
FAST-pw	gzip_v1	19	0.26218	0.048573	0.1428571429	0.8738317757	1
FAST-pw	gzip_v1	20	0.263253	0.04419	0.1428571429	0.8831775701	1
FAST-pw	gzip_v1	21	0.261292	0.057073	0.1428571429	0.8878504673	2
FAST-pw	gzip_v1	22	0.260517	0.047694	0.1428571429	0.8785046729	1
FAST-pw	gzip_v1	23	0.263907	0.048966	0.1428571429	0.8738317757	1
FAST-pw	gzip_v1	24	0.265147	0.0478	0.1428571429	0.8878504673	1
FAST-pw	gzip_v1	25	0.262949	0.048216	0.1428571429	0.8785046729	1
FAST-pw	gzip_v1	26	0.258079	0.04901	0.1428571429	0.8878504673	1
FAST-pw	gzip_v1	27	0.265846	0.048711	0.1428571429	0.8785046729	1
FAST-pw	gzip_v1	28	0.268077	0.058201	0.1428571429	0.8785046729	2
FAST-pw	gzip_v1	29	0.261922	0.047264	0.1428571429	0.8785046729	1
FAST-pw	gzip_v1	30	0.258808	0.050449	0.1428571429	0.8925233645	1
FAST-pw	gzip_v1	31	0.262926	0.045259	0.1428571429	0.8785046729	1
FAST-pw	gzip_v1	32	0.2597	0.044764	0.1428571429	0.8831775701	1
FAST-pw	gzip_v1	33	0.255711	0.046569	0.1428571429	0.8785046729	1
FAST-pw	gzip_v1	34	0.262717	0.046467	0.1428571429	0.8785046729	1
FAST-pw	gzip_v1	35	0.260841	0.043014	0.1428571429	0.8831775701	1
FAST-pw	gzip_v1	36	0.251393	0.044241	0.1428571429	0.8785046729	1
FAST-pw	gzip_v1	37	0.248265	0.04559	0.1428571429	0.8785046729	1
FAST-pw	gzip_v1	38	0.240341	0.043941	0.1428571429	0.8831775701	1
FAST-pw	gzip_v1	39	0.242719	0.047194	0.1428571429	0.8878504673	1
FAST-pw	gzip_v1	40	0.235114	0.041999	0.1428571429	0.8831775701	1
FAST-pw	gzip_v1	41	0.237984	0.048232	0.1428571429	0.8785046729	1
FAST-pw	gzip_v1	42	0.234608	0.05096	0.1428571429	0.8831775701	2
FAST-pw	gzip_v1	43	0.246107	0.043703	0.1428571429	0.8831775701	1
FAST-pw	gzip_v1	44	0.25956	0.104218	0.1428571429	0.8785046729	1
FAST-pw	gzip_v1	45	0.252124	0.045549	0.1428571429	0.8785046729	1
FAST-pw	gzip_v1	46	0.257784	0.050616	0.1428571429	0.8785046729	1
FAST-pw	gzip_v1	47	0.251324	0.046787	0.1428571429	0.8785046729	1
FAST-pw	gzip_v1	48	0.261465	0.044001	0.1428571429	0.8831775701	1
FAST-pw	gzip_v1	49	0.261409	0.046496	0.1428571429	0.8785046729	1
FAST-pw	gzip_v1	50	0.262248	0.044112	0.1428571429	0.8831775701	1
FAST-pw	make_v1	1	3.989048	0.337805	0.6842105263	0.9634285714	1
FAST-pw	make_v1	2	3.980729	0.343558	0.6842105263	0.96	2
FAST-pw	make_v1	3	4.030985	0.237632	0.6842105263	0.9668571429	3
FAST-pw	make_v1	4	4.040643	0.193477	0.6842105263	0.9645714286	3
FAST-pw	make_v1	5	3.97422	0.19586	0.6842105263	0.9645714286	1
FAST-pw	make_v1	6	3.999173	0.23416	0.6842105263	0.9634285714	3
FAST-pw	make_v1	7	4.098442	0.203209	0.6842105263	0.9657142857	3
FAST-pw	make_v1	8	4.01716	0.247251	0.6842105263	0.9611428571	1
FAST-pw	make_v1	9	3.965652	0.252098	0.6842105263	0.9634285714	1
FAST-pw	make_v1	10	3.99278	0.254806	0.6842105263	0.9634285714	2
FAST-pw	make_v1	11	3.97981	0.274178	0.6842105263	0.9634285714	3
FAST-pw	make_v1	12	3.996352	0.36504	0.6842105263	0.9634285714	1
FAST-pw	make_v1	13	4.009947	0.220559	0.6842105263	0.9634285714	1
FAST-pw	make_v1	14	3.999433	0.23699	0.6842105263	0.9645714286	3
FAST-pw	make_v1	15	4.110529	0.220242	0.6842105263	0.9622857143	1
FAST-pw	make_v1	16	3.994701	0.193683	0.6842105263	0.9657142857	3
FAST-pw	make_v1	17	3.997419	0.205911	0.6842105263	0.9622857143	1
FAST-pw	make_v1	18	3.999302	0.203888	0.6842105263	0.9668571429	1
FAST-pw	make_v1	19	3.979298	0.21096	0.6842105263	0.9645714286	1
FAST-pw	make_v1	20	4.019588	0.203385	0.6842105263	0.9622857143	2
FAST-pw	make_v1	21	4.033034	0.240566	0.6842105263	0.9634285714	1
FAST-pw	make_v1	22	4.027088	0.23942	0.6842105263	0.9634285714	3
FAST-pw	make_v1	23	3.972815	0.235832	0.6842105263	0.9645714286	3
FAST-pw	make_v1	24	4.032681	0.243273	0.6842105263	0.9634285714	1
FAST-pw	make_v1	25	4.036157	0.198084	0.6842105263	0.9668571429	1
FAST-pw	make_v1	26	3.986029	0.250175	0.6842105263	0.9611428571	1
FAST-pw	make_v1	27	3.99875	0.255592	0.6842105263	0.9634285714	1
FAST-pw	make_v1	28	4.017893	0.228899	0.6842105263	0.9611428571	1
FAST-pw	make_v1	29	4.061825	0.30074	0.6842105263	0.9634285714	1
FAST-pw	make_v1	30	4.02819	0.270687	0.6842105263	0.9634285714	2
FAST-pw	make_v1	31	4.050447	0.241902	0.6842105263	0.9611428571	3
FAST-pw	make_v1	32	4.036248	0.19726	0.6842105263	0.9645714286	1
FAST-pw	make_v1	33	4.022869	0.237257	0.6842105263	0.9622857143	1
FAST-pw	make_v1	34	4.050577	0.295785	0.6842105263	0.9645714286	3
FAST-pw	make_v1	35	4.046689	0.257864	0.6842105263	0.9645714286	3
FAST-pw	make_v1	36	3.97142	0.198794	0.6842105263	0.9668571429	3
FAST-pw	make_v1	37	4.006109	0.206638	0.6842105263	0.9622857143	1
FAST-pw	make_v1	38	4.016861	0.266235	0.6842105263	0.9622857143	1
FAST-pw	make_v1	39	3.995481	0.265587	0.6842105263	0.9622857143	2
FAST-pw	make_v1	40	4.008179	0.20786	0.6842105263	0.9645714286	3
FAST-pw	make_v1	41	4.016448	0.298951	0.6842105263	0.9645714286	3
FAST-pw	make_v1	42	4.007156	0.212195	0.6842105263	0.9622857143	3
FAST-pw	make_v1	43	4.041791	0.307967	0.6842105263	0.9634285714	1
FAST-pw	make_v1	44	3.99573	0.198841	0.6842105263	0.9657142857	1
FAST-pw	make_v1	45	4.032547	0.235537	0.6842105263	0.9611428571	3
FAST-pw	make_v1	46	4.03864	0.30092	0.6842105263	0.9634285714	1
FAST-pw	make_v1	47	4.014225	0.187733	0.6842105263	0.9668571429	3
FAST-pw	make_v1	48	4.05708	0.220844	0.6842105263	0.9634285714	1
FAST-pw	make_v1	49	4.030648	0.272124	0.6842105263	0.9634285714	2
FAST-pw	make_v1	50	3.995696	0.271417	0.6842105263	0.9634285714	2
FAST-pw	sed_v6	1	0.981889	0.246296	0.1666666667	0.8594594595	6
FAST-pw	sed_v6	2	0.934636	0.288013	0	0.8540540541	1
FAST-pw	sed_v6	3	0.947201	0.19365	0	0.8621621622	5
FAST-pw	sed_v6	4	0.934258	0.151523	0.1666666667	0.8675675676	1
FAST-pw	sed_v6	5	0.932149	0.189235	0.1666666667	0.8648648649	1
FAST-pw	sed_v6	6	0.935589	0.193766	0.1666666667	0.8621621622	1
FAST-pw	sed_v6	7	0.941198	0.221616	0.1666666667	0.8594594595	6
FAST-pw	sed_v6	8	0.934502	0.223226	0.1666666667	0.8648648649	1
FAST-pw	sed_v6	9	0.934467	0.347011	0.1666666667	0.8675675676	6
FAST-pw	sed_v6	10	0.924792	0.213322	0	0.8675675676	1
FAST-pw	sed_v6	11	0.952425	0.210382	0.1666666667	0.8648648649	6
FAST-pw	sed_v6	12	0.94559	0.191686	0.1666666667	0.8648648649	1
FAST-pw	sed_v6	13	0.926491	0.184276	0.1666666667	0.8621621622	1
FAST-pw	sed_v6	14	0.946858	0.275082	0.1666666667	0.8594594595	6
FAST-pw	sed_v6	15	0.935196	0.270934	0.1666666667	0.8567567568	6
FAST-pw	sed_v6	16	0.944272	0.23137	0.1666666667	0.8621621622	6
FAST-pw	sed_v6	17	0.934872	0.239202	0.1666666667	0.8594594595	6
FAST-pw	sed_v6	18	0.925776	0.223033	0.1666666667	0.8594594595	6
FAST-pw	sed_v6	19	1.054208	0.244906	0	0.8648648649	1
FAST-pw	sed_v6	20	1.066515	0.238298	0.1666666667	0.8621621622	6
FAST-pw	sed_v6	21	1.070213	0.287276	0.1666666667	0.8621621622	6
FAST-pw	sed_v6	22	1.079231	0.212205	0.1666666667	0.8621621622	1
FAST-pw	sed_v6	23	1.039742	0.285	0.1666666667	0.8594594595	6
FAST-pw	sed_v6	24	1.001915	0.170739	0.1666666667	0.8675675676	1
FAST-pw	sed_v6	25	1.002943	0.265693	0	0.8621621622	5
FAST-pw	sed_v6	26	0.933749	0.245027	0.1666666667	0.8648648649	6
FAST-pw	sed_v6	27	0.947272	0.355519	0.1666666667	0.8567567568	6
FAST-pw	sed_v6	28	1.050026	0.299096	0	0.8567567568	5
FAST-pw	sed_v6	29	0.933127	0.222765	0.1666666667	0.8648648649	1
FAST-pw	sed_v6	30	0.919208	0.202977	0.1666666667	0.8648648649	1
FAST-pw	sed_v6	31	1.046462	0.325823	0	0.8540540541	2
FAST-pw	sed_v6	32	0.923744	0.286432	0.1666666667	0.8567567568	6
FAST-pw	sed_v6	33	0.919174	0.270069	0.1666666667	0.8648648649	6
FAST-pw	sed_v6	34	0.925049	0.239189	0.1666666667	0.8621621622	6
FAST-pw	sed_v6	35	0.923762	0.301444	0	0.8675675676	3
FAST-pw	sed_v6	36	0.970292	0.198414	0.1666666667	0.8648648649	1
FAST-pw	sed_v6	37	0.928376	0.204288	0.1666666667	0.8648648649	1
FAST-pw	sed_v6	38	0.933771	0.217596	0.1666666667	0.8648648649	1
FAST-pw	sed_v6	39	0.923276	0.264634	0.1666666667	0.8621621622	1
FAST-pw	sed_v6	40	0.945476	0.241117	0.1666666667	0.8621621622	6
FAST-pw	sed_v6	41	0.969007	0.179582	0.1666666667	0.8648648649	1
FAST-pw	sed_v6	42	1.044167	0.237315	0.1666666667	0.8648648649	1
FAST-pw	sed_v6	43	1.066212	0.277351	0.1666666667	0.8567567568	6
FAST-pw	sed_v6	44	0.994469	0.263196	0	0.8648648649	1
FAST-pw	sed_v6	45	1.043546	0.229285	0.1666666667	0.8702702703	1
FAST-pw	sed_v6	46	1.059419	0.268091	0.1666666667	0.8594594595	6
FAST-pw	sed_v6	47	1.049554	0.33834	0.1666666667	0.8594594595	6
FAST-pw	sed_v6	48	0.951962	0.230069	0.1666666667	0.8621621622	6
FAST-pw	sed_v6	49	0.942462	0.228992	0.1666666667	0.8594594595	6
FAST-pw	sed_v6	50	0.940754	0.22414	0.1666666667	0.8594594595	6
FAST++	flex_v3	1	0.348192	0.484249	0	0.9253731343	1
FAST++	flex_v3	2	0.419511	0.546688	0	0.9194029851	2
FAST++	flex_v3	3	0.325571	0.59084	0	0.9268656716	2
FAST++	flex_v3	4	0.312773	0.550636	0	0.928358209	1
FAST++	flex_v3	5	0.351117	0.701962	0	0.928358209	2
FAST++	flex_v3	6	0.332222	0.456024	0	0.9268656716	1
FAST++	flex_v3	7	0.34969	0.569751	0	0.928358209	2
FAST++	flex_v3	8	0.354833	0.50316	0	0.9268656716	1
FAST++	flex_v3	9	0.324313	0.471835	0	0.9298507463	1
FAST++	flex_v3	10	0.360332	0.566459	0	0.9223880597	2
FAST++	flex_v3	11	0.316416	0.587897	0	0.9298507463	3
FAST++	flex_v3	12	0.300801	0.473502	0	0.9179104478	3
FAST++	flex_v3	13	0.290521	0.459245	0	0.928358209	2
FAST++	flex_v3	14	0.303755	0.482111	0	0.9223880597	1
FAST++	flex_v3	15	0.285658	0.483752	0	0.9223880597	2
FAST++	flex_v3	16	0.280621	0.587428	0	0.9223880597	1
FAST++	flex_v3	17	0.474719	0.536135	0	0.9208955224	2
FAST++	flex_v3	18	0.336415	0.515605	0	0.9223880597	2
FAST++	flex_v3	19	0.355593	0.467238	0	0.928358209	2
FAST++	flex_v3	20	0.336452	0.488552	0	0.9208955224	1
FAST++	flex_v3	21	0.315647	0.509315	0	0.9223880597	1
FAST++	flex_v3	22	0.286329	0.568144	0	0.9313432836	2
FAST++	flex_v3	23	0.282905	0.535577	0	0.9253731343	3
FAST++	flex_v3	24	0.291977	0.523803	0	0.9268656716	4
FAST++	flex_v3	25	0.33759	0.482921	0	0.9298507463	1
FAST++	flex_v3	26	0.335465	0.505906	0	0.923880597	1
FAST++	flex_v3	27	0.349933	0.523909	0	0.9223880597	1
FAST++	flex_v3	28	0.462603	0.57659	0	0.9179104478	2
FAST++	flex_v3	29	0.324849	0.560577	0	0.9298507463	2
FAST++	flex_v3	30	0.355834	0.648828	0	0.9223880597	2
FAST++	flex_v3	31	0.316345	0.487689	0	0.9298507463	2
FAST++	flex_v3	32	0.304496	0.508933	0	0.9223880597	1
FAST++	flex_v3	33	0.366572	0.496871	0	0.928358209	1
FAST++	flex_v3	34	0.406215	0.543809	0	0.9208955224	2
FAST++	flex_v3	35	0.342286	0.505819	0	0.923880597	1
FAST++	flex_v3	36	0.315497	0.531154	0	0.9268656716	3
FAST++	flex_v3	37	0.368526	0.54055	0	0.9253731343	1
FAST++	flex_v3	38	0.378794	0.606167	0	0.9223880597	5
FAST++	flex_v3	39	0.34676	0.493237	0	0.9253731343	1
FAST++	flex_v3	40	0.339341	0.571135	0	0.928358209	5
FAST++	flex_v3	41	0.340397	0.490562	0	0.9253731343	1
FAST++	flex_v3	42	0.369586	0.545631	0	0.928358209	1
FAST++	flex_v3	43	0.376697	0.533235	0	0.9208955224	2
FAST++	flex_v3	44	0.354352	0.508506	0	0.923880597	1
FAST++	flex_v3	45	0.339953	0.471057	0	0.9298507463	2
FAST++	flex_v3	46	0.32065	0.518483	0	0.9268656716	5
FAST++	flex_v3	47	0.324319	0.502414	0	0.9253731343	2
FAST++	flex_v3	48	0.342646	0.722287	0	0.9268656716	2
FAST++	flex_v3	49	0.33667	0.469782	0	0.928358209	1
FAST++	flex_v3	50	0.298266	0.604977	0	0.923880597	2
FAST++	grep_v3	1	0.357182	0.377959	0.125	0.8974042027	1
FAST++	grep_v3	2	0.386718	0.380714	0.125	0.8974042027	1
FAST++	grep_v3	3	0.555771	0.462295	0.125	0.8899876391	1
FAST++	grep_v3	4	0.36598	0.399141	0.125	0.8961681088	1
FAST++	grep_v3	5	0.322273	0.353444	0.125	0.8974042027	1
FAST++	grep_v3	6	0.316394	0.346799	0.125	0.8924598269	1
FAST++	grep_v3	7	0.312669	0.3196	0.125	0.8986402967	1
FAST++	grep_v3	8	0.323818	0.437602	0.125	0.8924598269	1
FAST++	grep_v3	9	0.331324	0.411881	0.125	0.8924598269	1
FAST++	grep_v3	10	0.340783	0.401167	0.125	0.8986402967	2
FAST++	grep_v3	11	0.346272	0.383329	0.125	0.8924598269	1
FAST++	grep_v3	12	0.345117	0.425909	0.125	0.8924598269	1
FAST++	grep_v3	13	0.43816	0.361766	0.125	0.8974042027	1
FAST++	grep_v3	14	0.348989	0.352367	0.125	0.8961681088	1
FAST++	grep_v3	15	0.323356	0.438053	0.125	0.8936959209	1
FAST++	grep_v3	16	0.321074	0.391499	0.125	0.8936959209	1
FAST++	grep_v3	17	0.380302	0.45496	0.125	0.8949320148	2
FAST++	grep_v3	18	0.38717	0.403663	0.125	0.8961681088	1
FAST++	grep_v3	19	0.327022	0.45339	0.125	0.8961681088	2
FAST++	grep_v3	20	0.349211	0.355263	0.125	0.8936959209	1
FAST++	grep_v3	21	0.352808	0.428101	0.125	0.8936959209	1
FAST++	grep_v3	22	0.510319	0.424436	0.125	0.8887515451	1
FAST++	grep_v3	23	0.38123	0.346887	0.125	0.8998763906	1
FAST++	grep_v3	24	0.359415	0.462846	0.125	0.8974042027	1
FAST++	grep_v3	25	0.380651	0.362522	0.125	0.8974042027	1
FAST++	grep_v3	26	0.382419	0.380722	0.125	0.8986402967	1
FAST++	grep_v3	27	0.366002	0.367428	0.125	0.8974042027	1
FAST++	grep_v3	28	0.470104	0.5267	0.125	0.8924598269	2
FAST++	grep_v3	29	0.407877	0.428383	0.125	0.8961681088	2
FAST++	grep_v3	30	0.410232	0.488787	0.125	0.8974042027	3
FAST++	grep_v3	31	0.405926	0.378512	0.125	0.8961681088	1
FAST++	grep_v3	32	0.40722	0.410175	0.125	0.8949320148	1
FAST++	grep_v3	33	0.405062	0.470948	0.125	0.8936959209	1
FAST++	grep_v3	34	0.397997	0.393339	0.125	0.8986402967	1
FAST++	grep_v3	35	0.40206	0.416331	0.125	0.8961681088	1
FAST++	grep_v3	36	0.36776	0.361145	0.125	0.8986402967	1
FAST++	grep_v3	37	0.387485	0.394888	0.125	0.8961681088	1
FAST++	grep_v3	38	0.361692	0.381198	0.125	0.8961681088	1
FAST++	grep_v3	39	0.375041	0.38339	0.125	0.8961681088	1
FAST++	grep_v3	40	0.361822	0.361702	0.125	0.8974042027	1
FAST++	grep_v3	41	0.375931	0.52444	0.125	0.8974042027	1
FAST++	grep_v3	42	0.388045	0.473076	0.125	0.8949320148	2
FAST++	grep_v3	43	0.408284	0.397884	0.125	0.8961681088	1
FAST++	grep_v3	44	0.405253	0.372219	0.125	0.8986402967	1
FAST++	grep_v3	45	0.359451	0.437991	0.125	0.8974042027	1
FAST++	grep_v3	46	0.347257	0.44677	0.125	0.8949320148	1
FAST++	grep_v3	47	0.36285	0.41383	0.125	0.8986402967	1
FAST++	grep_v3	48	0.370914	0.360554	0.125	0.8986402967	1
FAST++	grep_v3	49	0.365014	0.518292	0.125	0.8974042027	1
FAST++	grep_v3	50	0.408425	0.399965	0.125	0.8974042027	1
FAST++	gzip_v1	1	0.158572	0.047854	0.1428571429	0.8831775701	1
FAST++	gzip_v1	2	0.131571	0.048116	0.1428571429	0.8878504673	1
FAST++	gzip_v1	3	0.133668	0.062157	0.1428571429	0.8925233645	2
FAST++	gzip_v1	4	0.125712	0.050094	0.1428571429	0.8878504673	1
FAST++	gzip_v1	5	0.135997	0.047267	0.1428571429	0.8878504673	1
FAST++	gzip_v1	6	0.13685	0.044609	0.1428571429	0.8878504673	1
FAST++	gzip_v1	7	0.132761	0.049394	0.1428571429	0.8878504673	1
FAST++	gzip_v1	8	0.133342	0.05937	0.1428571429	0.8878504673	1
FAST++	gzip_v1	9	0.137633	0.048853	0.1428571429	0.8971962617	1
FAST++	gzip_v1	10	0.137594	0.045824	0	0.8831775701	1
FAST++	gzip_v1	11	0.129222	0.045948	0.1428571429	0.8831775701	1
FAST++	gzip_v1	12	0.126723	0.043819	0.1428571429	0.8878504673	1
FAST++	gzip_v1	13	0.125652	0.044446	0.1428571429	0.8925233645	1
FAST++	gzip_v1	14	0.125984	0.049877	0.1428571429	0.8831775701	1
FAST++	gzip_v1	15	0.129457	0.044774	0.1428571429	0.8925233645	1
FAST++	gzip_v1	16	0.144819	0.055089	0.1428571429	0.8831775701	1
FAST++	gzip_v1	17	0.137888	0.049731	0.1428571429	0.8925233645	1
FAST++	gzip_v1	18	0.135676	0.049242	0.1428571429	0.8878504673	1
FAST++	gzip_v1	19	0.140151	0.044808	0.1428571429	0.8925233645	1
FAST++	gzip_v1	20	0.154294	0.046879	0.1428571429	0.8738317757	1
FAST++	gzip_v1	21	0.150984	0.048251	0.1428571429	0.8971962617	1
FAST++	gzip_v1	22	0.138732	0.047038	0.1428571429	0.8878504673	1
FAST++	gzip_v1	23	0.143564	0.049174	0.1428571429	0.8925233645	1
FAST++	gzip_v1	24	0.14141	0.048615	0.1428571429	0.8925233645	1
FAST++	gzip_v1	25	0.144832	0.083091	0.1428571429	0.8971962617	1
FAST++	gzip_v1	26	0.163198	0.051801	0.1428571429	0.8878504673	1
FAST++	gzip_v1	27	0.153263	0.055901	0.1428571429	0.8878504673	1
FAST++	gzip_v1	28	0.156739	0.052376	0.1428571429	0.8878504673	1
FAST++	gzip_v1	29	0.131491	0.045196	0.1428571429	0.8971962617	1
FAST++	gzip_v1	30	0.132298	0.046735	0.1428571429	0.8925233645	1
FAST++	gzip_v1	31	0.129195	0.073965	0.1428571429	0.8925233645	1
FAST++	gzip_v1	32	0.159242	0.052676	0.1428571429	0.8878504673	1
FAST++	gzip_v1	33	0.148225	0.058765	0.1428571429	0.8971962617	1
FAST++	gzip_v1	34	0.145115	0.050329	0.1428571429	0.8925233645	1
FAST++	gzip_v1	35	0.147888	0.08222	0.1428571429	0.8878504673	1
FAST++	gzip_v1	36	0.143841	0.055066	0.1428571429	0.8925233645	2
FAST++	gzip_v1	37	0.151325	0.047541	0.1428571429	0.8925233645	1
FAST++	gzip_v1	38	0.133792	0.048183	0.1428571429	0.8925233645	1
FAST++	gzip_v1	39	0.133231	0.049827	0.1428571429	0.8831775701	1
FAST++	gzip_v1	40	0.146298	0.044668	0.1428571429	0.8925233645	1
FAST++	gzip_v1	41	0.138176	0.057243	0.1428571429	0.8971962617	2
FAST++	gzip_v1	42	0.140388	0.049857	0.1428571429	0.8878504673	1
FAST++	gzip_v1	43	0.146537	0.048262	0.1428571429	0.8925233645	1
FAST++	gzip_v1	44	0.142814	0.049073	0.1428571429	0.8831775701	1
FAST++	gzip_v1	45	0.147198	0.047082	0	0.8925233645	1
FAST++	gzip_v1	46	0.145518	0.049904	0.1428571429	0.8878504673	1
FAST++	gzip_v1	47	0.139826	0.052999	0.1428571429	0.8878504673	1
FAST++	gzip_v1	48	0.137781	0.048895	0.1428571429	0.8878504673	1
FAST++	gzip_v1	49	0.139588	0.045175	0.1428571429	0.8878504673	1
FAST++	gzip_v1	50	0.135142	0.061145	0	0.8925233645	1
FAST++	make_v1	1	0.540911	0.552755	0.6842105263	0.9668571429	1
FAST++	make_v1	2	0.367037	0.468796	0.6842105263	0.968	2
FAST++	make_v1	3	0.392287	0.641483	0.6842105263	0.9691428571	1
FAST++	make_v1	4	0.452117	0.491783	0.6842105263	0.9691428571	1
FAST++	make_v1	5	0.418391	0.503252	0.6842105263	0.9725714286	3
FAST++	make_v1	6	0.410569	0.544989	0.6842105263	0.9657142857	1
FAST++	make_v1	7	0.413997	0.533907	0.6842105263	0.9691428571	2
FAST++	make_v1	8	0.494714	0.506932	0.6842105263	0.9668571429	2
FAST++	make_v1	9	0.398858	0.559421	0.6842105263	0.968	1
FAST++	make_v1	10	0.449296	0.501541	0.6842105263	0.9657142857	2
FAST++	make_v1	11	0.386059	0.456963	0.6842105263	0.9702857143	1
FAST++	make_v1	12	0.377831	0.510315	0.6842105263	0.9657142857	5
FAST++	make_v1	13	0.415721	0.452974	0.6842105263	0.9691428571	1
FAST++	make_v1	14	0.526694	0.518511	0.6842105263	0.968	1
FAST++	make_v1	15	0.447696	0.514276	0.6842105263	0.9668571429	1
FAST++	make_v1	16	0.394882	0.465531	0.6842105263	0.9714285714	2
FAST++	make_v1	17	0.470196	0.510735	0.6842105263	0.9691428571	1
FAST++	make_v1	18	0.399047	0.492824	0.6842105263	0.9691428571	2
FAST++	make_v1	19	0.435183	0.518628	0.6842105263	0.9657142857	4
FAST++	make_v1	20	0.39535	0.533191	0.6842105263	0.9668571429	2
FAST++	make_v1	21	0.429121	0.46523	0.6842105263	0.968	3
FAST++	make_v1	22	0.467117	0.459587	0.6842105263	0.9714285714	2
FAST++	make_v1	23	0.532265	0.46433	0.6842105263	0.968	1
FAST++	make_v1	24	0.454926	0.49495	0.6842105263	0.9691428571	1
FAST++	make_v1	25	0.497452	0.519733	0.6842105263	0.9691428571	1
FAST++	make_v1	26	0.410305	0.508938	0.6842105263	0.9691428571	2
FAST++	make_v1	27	0.596651	0.477647	0.6842105263	0.9657142857	9
FAST++	make_v1	28	0.507907	0.631369	0.6842105263	0.9668571429	3
FAST++	make_v1	29	0.425763	0.45404	0.5263157895	0.9657142857	1
FAST++	make_v1	30	0.431388	0.579343	0.5263157895	0.9691428571	1
FAST++	make_v1	31	0.448155	0.470928	0.6842105263	0.968	1
FAST++	make_v1	32	0.402909	0.491854	0.6842105263	0.968	2
FAST++	make_v1	33	0.403994	0.476372	0.6842105263	0.9691428571	1
FAST++	make_v1	34	0.388631	0.486574	0.6842105263	0.9725714286	1
FAST++	make_v1	35	0.43861	0.45796	0.6842105263	0.9668571429	1
FAST++	make_v1	36	0.384756	0.499464	0.6842105263	0.9691428571	2
FAST++	make_v1	37	0.402642	0.472691	0.6842105263	0.9691428571	1
FAST++	make_v1	38	0.404745	0.460199	0.5263157895	0.9668571429	1
FAST++	make_v1	39	0.400735	0.473919	0.6842105263	0.9691428571	2
FAST++	make_v1	40	0.489887	0.494093	0.6842105263	0.968	1
FAST++	make_v1	41	0.442702	0.515666	0.6842105263	0.9691428571	1
FAST++	make_v1	42	0.377969	0.44182	0.6842105263	0.9714285714	1
FAST++	make_v1	43	0.478252	0.48215	0.6842105263	0.9702857143	2
FAST++	make_v1	44	0.455673	0.451545	0.5263157895	0.968	2
FAST++	make_v1	45	0.387983	0.460391	0.6842105263	0.9657142857	1
FAST++	make_v1	46	0.424346	0.491031	0.6842105263	0.9668571429	4
FAST++	make_v1	47	0.37494	0.487954	0.6842105263	0.9657142857	1
FAST++	make_v1	48	0.435149	0.483122	0.6842105263	0.9702857143	1
FAST++	make_v1	49	0.382626	0.511314	0.6842105263	0.9702857143	3
FAST++	make_v1	50	0.496098	0.46005	0.6842105263	0.968	2
FAST++	sed_v6	1	0.238911	0.227593	0.1666666667	0.9081081081	1
FAST++	sed_v6	2	0.198025	0.182622	0.1666666667	0.9	1
FAST++	sed_v6	3	0.184552	0.175308	0.1666666667	0.9108108108	1
FAST++	sed_v6	4	0.18578	0.21385	0.1666666667	0.9108108108	2
FAST++	sed_v6	5	0.196727	0.223803	0.1666666667	0.9081081081	2
FAST++	sed_v6	6	0.22297	0.196442	0.1666666667	0.9027027027	2
FAST++	sed_v6	7	0.20239	0.177226	0.1666666667	0.9027027027	2
FAST++	sed_v6	8	0.202948	0.192043	0.1666666667	0.9108108108	2
FAST++	sed_v6	9	0.22702	0.184804	0.1666666667	0.9054054054	1
FAST++	sed_v6	10	0.231814	0.185961	0	0.9027027027	1
FAST++	sed_v6	11	0.189296	0.215352	0.1666666667	0.8918918919	1
FAST++	sed_v6	12	0.205699	0.184577	0.1666666667	0.9	3
FAST++	sed_v6	13	0.195315	0.200059	0.1666666667	0.9054054054	4
FAST++	sed_v6	14	0.260329	0.234114	0.1666666667	0.9027027027	2
FAST++	sed_v6	15	0.210301	0.253019	0.1666666667	0.9027027027	6
FAST++	sed_v6	16	0.213468	0.169428	0.1666666667	0.9027027027	1
FAST++	sed_v6	17	0.213012	0.216282	0.1666666667	0.9027027027	2
FAST++	sed_v6	18	0.229465	0.190666	0.1666666667	0.9081081081	1
FAST++	sed_v6	19	0.212705	0.188409	0.1666666667	0.9054054054	1
FAST++	sed_v6	20	0.188854	0.176584	0.1666666667	0.9081081081	1
FAST++	sed_v6	21	0.179626	0.195821	0.1666666667	0.9135135135	1
FAST++	sed_v6	22	0.196023	0.18814	0.1666666667	0.9054054054	1
FAST++	sed_v6	23	0.188342	0.218088	0.1666666667	0.9108108108	6
FAST++	sed_v6	24	0.213594	0.179441	0.1666666667	0.9108108108	2
FAST++	sed_v6	25	0.216767	0.186287	0	0.9054054054	1
FAST++	sed_v6	26	0.184623	0.180486	0.1666666667	0.9027027027	1
FAST++	sed_v6	27	0.2011	0.185793	0	0.9054054054	1
FAST++	sed_v6	28	0.201414	0.181795	0.1666666667	0.9	2
FAST++	sed_v6	29	0.189201	0.191707	0	0.9027027027	1
FAST++	sed_v6	30	0.227842	0.225084	0.1666666667	0.9081081081	2
FAST++	sed_v6	31	0.182794	0.192788	0.1666666667	0.9054054054	1
FAST++	sed_v6	32	0.225597	0.219727	0.1666666667	0.9081081081	2
FAST++	sed_v6	33	0.204372	0.191074	0	0.9081081081	2
FAST++	sed_v6	34	0.205334	0.212359	0	0.8972972973	2
FAST++	sed_v6	35	0.237874	0.179879	0.1666666667	0.9	1
FAST++	sed_v6	36	0.232807	0.191086	0.1666666667	0.9	1
FAST++	sed_v6	37	0.232282	0.211866	0.1666666667	0.9081081081	1
FAST++	sed_v6	38	0.222007	0.223237	0.1666666667	0.9108108108	4
FAST++	sed_v6	39	0.185498	0.19844	0.1666666667	0.9054054054	3
FAST++	sed_v6	40	0.211646	0.173005	0.1666666667	0.8972972973	1
FAST++	sed_v6	41	0.187317	0.194096	0.1666666667	0.9081081081	1
FAST++	sed_v6	42	0.205783	0.165119	0.1666666667	0.9108108108	1
FAST++	sed_v6	43	0.192209	0.187682	0.1666666667	0.9081081081	1
FAST++	sed_v6	44	0.214083	0.183935	0	0.9108108108	1
FAST++	sed_v6	45	0.214417	0.214447	0.1666666667	0.9081081081	2
FAST++	sed_v6	46	0.215973	0.220859	0.1666666667	0.8972972973	1
FAST++	sed_v6	47	0.203959	0.221798	0.1666666667	0.9054054054	2
FAST++	sed_v6	48	0.216125	0.198944	0	0.9054054054	3
FAST++	sed_v6	49	0.195843	0.193751	0	0.9027027027	2
FAST++	sed_v6	50	0.208105	0.199476	0.1666666667	0.9054054054	1
GA	flex_v3	1	0	5.777327	0	0.9328358209	1
GA	flex_v3	2	0	5.588476	0	0.9328358209	1
GA	flex_v3	3	0	5.705314	0	0.9328358209	1
GA	flex_v3	4	0	5.927752	0	0.9328358209	1
GA	flex_v3	5	0	5.62223	0	0.9328358209	1
GA	flex_v3	6	0	5.745018	0	0.9328358209	1
GA	flex_v3	7	0	5.631697	0	0.9328358209	1
GA	flex_v3	8	0	5.990724	0	0.9328358209	1
GA	flex_v3	9	0	5.513293	0	0.9328358209	1
GA	flex_v3	10	0	5.902295	0	0.9328358209	1
GA	flex_v3	11	0	6.179464	0	0.9328358209	1
GA	flex_v3	12	0	6.743951	0	0.9328358209	1
GA	flex_v3	13	0	7.231483	0	0.9328358209	1
GA	flex_v3	14	0	6.195236	0	0.9328358209	1
GA	flex_v3	15	0	5.301066	0	0.9328358209	1
GA	flex_v3	16	0	5.385933	0	0.9328358209	1
GA	flex_v3	17	0	7.956226	0	0.9328358209	1
GA	flex_v3	18	0	5.535365	0	0.9328358209	1
GA	flex_v3	19	0	5.356442	0	0.9328358209	1
GA	flex_v3	20	0	5.238376	0	0.9328358209	1
GA	flex_v3	21	0	5.207846	0	0.9328358209	1
GA	flex_v3	22	0	5.204798	0	0.9328358209	1
GA	flex_v3	23	0	5.23309	0	0.9328358209	1
GA	flex_v3	24	0	5.24367	0	0.9328358209	1
GA	flex_v3	25	0	5.207003	0	0.9328358209	1
GA	flex_v3	26	0	5.121794	0	0.9328358209	1
GA	flex_v3	27	0	5.175373	0	0.9328358209	1
GA	flex_v3	28	0	5.318303	0	0.9328358209	1
GA	flex_v3	29	0	5.117921	0	0.9328358209	1
GA	flex_v3	30	0	5.202302	0	0.9328358209	1
GA	flex_v3	31	0	5.380583	0	0.9328358209	1
GA	flex_v3	32	0	5.242468	0	0.9328358209	1
GA	flex_v3	33	0	5.486311	0	0.9328358209	1
GA	flex_v3	34	0	5.377358	0	0.9328358209	1
GA	flex_v3	35	0	5.5007	0	0.9328358209	1
GA	flex_v3	36	0	5.211695	0	0.9328358209	1
GA	flex_v3	37	0	5.114948	0	0.9328358209	1
GA	flex_v3	38	0	5.267857	0	0.9328358209	1
GA	flex_v3	39	0	5.157131	0	0.9328358209	1
GA	flex_v3	40	0	5.134761	0	0.9328358209	1
GA	flex_v3	41	0	5.160408	0	0.9328358209	1
GA	flex_v3	42	0	5.126094	0	0.9328358209	1
GA	flex_v3	43	0	5.101497	0	0.9328358209	1
GA	flex_v3	44	0	5.103677	0	0.9328358209	1
GA	flex_v3	45	0	5.095575	0	0.9328358209	1
GA	flex_v3	46	0	5.103683	0	0.9328358209	1
GA	flex_v3	47	0	5.186106	0	0.9328358209	1
GA	flex_v3	48	0	5.243051	0	0.9328358209	1
GA	flex_v3	49	0	5.09453	0	0.9328358209	1
GA	flex_v3	50	0	5.132233	0	0.9328358209	1
GA	grep_v3	1	0	6.380195	0.125	0.8986402967	1
GA	grep_v3	2	0	5.938	0.125	0.8986402967	1
GA	grep_v3	3	0	7.305051	0.125	0.8986402967	1
GA	grep_v3	4	0	5.928811	0.125	0.8986402967	1
GA	grep_v3	5	0	5.764957	0.125	0.8986402967	1
GA	grep_v3	6	0	6.657467	0.125	0.8986402967	1
GA	grep_v3	7	0	5.816194	0.125	0.8986402967	1
GA	grep_v3	8	0	5.69419	0.125	0.8986402967	1
GA	grep_v3	9	0	5.763462	0.125	0.8986402967	1
GA	grep_v3	10	0	5.806801	0.125	0.8986402967	1
GA	grep_v3	11	0	5.624011	0.125	0.8986402967	1
GA	grep_v3	12	0	5.56274	0.125	0.8986402967	1
GA	grep_v3	13	0	6.352233	0.125	0.8986402967	1
GA	grep_v3	14	0	5.415662	0.125	0.8986402967	1
GA	grep_v3	15	0	5.880384	0.125	0.8986402967	1
GA	grep_v3	16	0	7.5965	0.125	0.8986402967	1
GA	grep_v3	17	0	6.718021	0.125	0.8986402967	1
GA	grep_v3	18	0	6.050664	0.125	0.8986402967	1
GA	grep_v3	19	0	5.523194	0.125	0.8986402967	1
GA	grep_v3	20	0	6.021641	0.125	0.8986402967	1
GA	grep_v3	21	0	5.31245	0.125	0.8986402967	1
GA	grep_v3	22	0	5.507433	0.125	0.8986402967	1
GA	grep_v3	23	0	5.391622	0.125	0.8986402967	1
GA	grep_v3	24	0	5.39761	0.125	0.8986402967	1
GA	grep_v3	25	0	5.305445	0.125	0.8986402967	1
GA	grep_v3	26	0	5.304971	0.125	0.8986402967	1
GA	grep_v3	27	0	5.288472	0.125	0.8986402967	1
GA	grep_v3	28	0	5.32929	0.125	0.8986402967	1
GA	grep_v3	29	0	5.355043	0.125	0.8986402967	1
GA	grep_v3	30	0	5.326	0.125	0.8986402967	1
GA	grep_v3	31	0	5.427343	0.125	0.8986402967	1
GA	grep_v3	32	0	5.414362	0.125	0.8986402967	1
GA	grep_v3	33	0	5.333673	0.125	0.8986402967	1
GA	grep_v3	34	0	5.315572	0.125	0.8986402967	1
GA	grep_v3	35	0	5.332043	0.125	0.8986402967	1
GA	grep_v3	36	0	5.277778	0.125	0.8986402967	1
GA	grep_v3	37	0	5.27039	0.125	0.8986402967	1
GA	grep_v3	38	0	5.325136	0.125	0.8986402967	1
GA	grep_v3	39	0	5.324678	0.125	0.8986402967	1
GA	grep_v3	40	0	5.315404	0.125	0.8986402967	1
GA	grep_v3	41	0	5.341975	0.125	0.8986402967	1
GA	grep_v3	42	0	5.309092	0.125	0.8986402967	1
GA	grep_v3	43	0	5.278793	0.125	0.8986402967	1
GA	grep_v3	44	0	5.259039	0.125	0.8986402967	1
GA	grep_v3	45	0	5.253625	0.125	0.8986402967	1
GA	grep_v3	46	0	5.265773	0.125	0.8986402967	1
GA	grep_v3	47	0	5.252885	0.125	0.8986402967	1
GA	grep_v3	48	0	5.250806	0.125	0.8986402967	1
GA	grep_v3	49	0	5.253938	0.125	0.8986402967	1
GA	grep_v3	50	0	5.245899	0.125	0.8986402967	1
GA	gzip_v1	1	0	0.264988	0.1428571429	0.9018691589	1
GA	gzip_v1	2	0	0.27378	0.1428571429	0.9018691589	1
GA	gzip_v1	3	0	0.272584	0.1428571429	0.9018691589	1
GA	gzip_v1	4	0	0.271171	0.1428571429	0.9018691589	1
GA	gzip_v1	5	0	0.268495	0.1428571429	0.9018691589	1
GA	gzip_v1	6	0	0.275002	0.1428571429	0.9018691589	1
GA	gzip_v1	7	0	0.273603	0.1428571429	0.9018691589	1
GA	gzip_v1	8	0	0.268226	0.1428571429	0.9018691589	1
GA	gzip_v1	9	0	0.265776	0.1428571429	0.9018691589	1
GA	gzip_v1	10	0	0.26193	0.1428571429	0.9018691589	1
GA	gzip_v1	11	0	0.254924	0.1428571429	0.9018691589	1
GA	gzip_v1	12	0	0.258021	0.1428571429	0.9018691589	1
GA	gzip_v1	13	0	0.249426	0.1428571429	0.9018691589	1
GA	gzip_v1	14	0	0.250421	0.1428571429	0.9018691589	1
GA	gzip_v1	15	0	0.256172	0.1428571429	0.9018691589	1
GA	gzip_v1	16	0	0.270919	0.1428571429	0.9018691589	1
GA	gzip_v1	17	0	0.281876	0.1428571429	0.9018691589	1
GA	gzip_v1	18	0	0.276104	0.1428571429	0.9018691589	1
GA	gzip_v1	19	0	0.271269	0.1428571429	0.9018691589	1
GA	gzip_v1	20	0	0.261354	0.1428571429	0.9018691589	1
GA	gzip_v1	21	0	0.263462	0.1428571429	0.9018691589	1
GA	gzip_v1	22	0	0.264602	0.1428571429	0.9018691589	1
GA	gzip_v1	23	0	0.274633	0.1428571429	0.9018691589	1
GA	gzip_v1	24	0	0.272908	0.1428571429	0.9018691589	1
GA	gzip_v1	25	0	0.267054	0.1428571429	0.9018691589	1
GA	gzip_v1	26	0	0.26676	0.1428571429	0.9018691589	1
GA	gzip_v1	27	0	0.267208	0.1428571429	0.9018691589	1
GA	gzip_v1	28	0	0.269734	0.1428571429	0.9018691589	1
GA	gzip_v1	29	0	0.274839	0.1428571429	0.9018691589	1
GA	gzip_v1	30	0	0.25883	0.1428571429	0.9018691589	1
GA	gzip_v1	31	0	0.261004	0.1428571429	0.9018691589	1
GA	gzip_v1	32	0	0.254036	0.1428571429	0.9018691589	1
GA	gzip_v1	33	0	0.25969	0.1428571429	0.9018691589	1
GA	gzip_v1	34	0	0.258916	0.1428571429	0.9018691589	1
GA	gzip_v1	35	0	0.261217	0.1428571429	0.9018691589	1
GA	gzip_v1	36	0	0.280599	0.1428571429	0.9018691589	1
GA	gzip_v1	37	0	0.270997	0.1428571429	0.9018691589	1
GA	gzip_v1	38	0	0.267896	0.1428571429	0.9018691589	1
GA	gzip_v1	39	0	0.275982	0.1428571429	0.9018691589	1
GA	gzip_v1	40	0	0.27484	0.1428571429	0.9018691589	1
GA	gzip_v1	41	0	0.268297	0.1428571429	0.9018691589	1
GA	gzip_v1	42	0	0.262483	0.1428571429	0.9018691589	1
GA	gzip_v1	43	0	0.257843	0.1428571429	0.9018691589	1
GA	gzip_v1	44	0	0.253753	0.1428571429	0.9018691589	1
GA	gzip_v1	45	0	0.251986	0.1428571429	0.9018691589	1
GA	gzip_v1	46	0	0.257965	0.1428571429	0.9018691589	1
GA	gzip_v1	47	0	0.259933	0.1428571429	0.9018691589	1
GA	gzip_v1	48	0	0.259102	0.1428571429	0.9018691589	1
GA	gzip_v1	49	0	0.273763	0.1428571429	0.9018691589	1
GA	gzip_v1	50	0	0.261697	0.1428571429	0.9018691589	1
GA	make_v1	1	0	3.236977	0.6842105263	0.9737142857	1
GA	make_v1	2	0	3.181632	0.6842105263	0.9737142857	1
GA	make_v1	3	0	3.206029	0.6842105263	0.9737142857	1
GA	make_v1	4	0	3.130799	0.6842105263	0.9737142857	1
GA	make_v1	5	0	3.177715	0.6842105263	0.9737142857	1
GA	make_v1	6	0	3.1554	0.6842105263	0.9737142857	1
GA	make_v1	7	0	3.304931	0.6842105263	0.9737142857	1
GA	make_v1	8	0	3.141231	0.6842105263	0.9737142857	1
GA	make_v1	9	0	3.148436	0.6842105263	0.9737142857	1
GA	make_v1	10	0	3.154513	0.6842105263	0.9737142857	1
GA	make_v1	11	0	3.16265	0.6842105263	0.9737142857	1
GA	make_v1	12	0	3.09811	0.6842105263	0.9737142857	1
GA	make_v1	13	0	3.092858	0.6842105263	0.9737142857	1
GA	make_v1	14	0	3.067623	0.6842105263	0.9737142857	1
GA	make_v1	15	0	3.105949	0.6842105263	0.9737142857	1
GA	make_v1	16	0	3.068342	0.6842105263	0.9737142857	1
GA	make_v1	17	0	3.055854	0.6842105263	0.9737142857	1
GA	make_v1	18	0	3.058875	0.6842105263	0.9737142857	1
GA	make_v1	19	0	3.183805	0.6842105263	0.9737142857	1
GA	make_v1	20	0	3.103809	0.6842105263	0.9737142857	1
GA	make_v1	21	0	3.069939	0.6842105263	0.9737142857	1
GA	make_v1	22	0	3.072933	0.6842105263	0.9737142857	1
GA	make_v1	23	0	3.059996	0.6842105263	0.9737142857	1
GA	make_v1	24	0	3.200537	0.6842105263	0.9737142857	1
GA	make_v1	25	0	3.059038	0.6842105263	0.9737142857	1
GA	make_v1	26	0	3.181732	0.6842105263	0.9737142857	1
GA	make_v1	27	0	3.249963	0.6842105263	0.9737142857	1
GA	make_v1	28	0	3.155779	0.6842105263	0.9737142857	1
GA	make_v1	29	0	3.1846	0.6842105263	0.9737142857	1
GA	make_v1	30	0	3.264395	0.6842105263	0.9737142857	1
GA	make_v1	31	0	3.294595	0.6842105263	0.9737142857	1
GA	make_v1	32	0	3.150272	0.6842105263	0.9737142857	1
GA	make_v1	33	0	3.39801	0.6842105263	0.9737142857	1
GA	make_v1	34	0	3.237328	0.6842105263	0.9737142857	1
GA	make_v1	35	0	3.271945	0.6842105263	0.9737142857	1
GA	make_v1	36	0	3.186882	0.6842105263	0.9737142857	1
GA	make_v1	37	0	3.134669	0.6842105263	0.9737142857	1
GA	make_v1	38	0	3.163631	0.6842105263	0.9737142857	1
GA	make_v1	39	0	3.087943	0.6842105263	0.9737142857	1
GA	make_v1	40	0	3.166499	0.6842105263	0.9737142857	1
GA	make_v1	41	0	3.088164	0.6842105263	0.9737142857	1
GA	make_v1	42	0	3.142697	0.6842105263	0.9737142857	1
GA	make_v1	43	0	3.123048	0.6842105263	0.9737142857	1
GA	make_v1	44	0	3.049917	0.6842105263	0.9737142857	1
GA	make_v1	45	0	3.351583	0.6842105263	0.9737142857	1
GA	make_v1	46	0	3.2421	0.6842105263	0.9737142857	1
GA	make_v1	47	0	3.241406	0.6842105263	0.9737142857	1
GA	make_v1	48	0	3.340505	0.6842105263	0.9737142857	1
GA	make_v1	49	0	3.14098	0.6842105263	0.9737142857	1
GA	make_v1	50	0	3.128275	0.6842105263	0.9737142857	1
GA	sed_v6	1	0	1.414834	0	0.9162162162	1
GA	sed_v6	2	0	1.441231	0	0.9162162162	1
GA	sed_v6	3	0	1.411152	0	0.9162162162	1
GA	sed_v6	4	0	1.474828	0	0.9162162162	1
GA	sed_v6	5	0	1.360147	0	0.9162162162	1
GA	sed_v6	6	0	1.386536	0	0.9162162162	1
GA	sed_v6	7	0	1.476213	0	0.9162162162	1
GA	sed_v6	8	0	1.431832	0	0.9162162162	1
GA	sed_v6	9	0	1.504252	0	0.9162162162	1
GA	sed_v6	10	0	1.446254	0	0.9162162162	1
GA	sed_v6	11	0	1.468483	0	0.9162162162	1
GA	sed_v6	12	0	1.492288	0	0.9162162162	1
GA	sed_v6	13	0	1.659592	0	0.9162162162	1
GA	sed_v6	14	0	1.833849	0	0.9162162162	1
GA	sed_v6	15	0	1.497501	0	0.9162162162	1
GA	sed_v6	16	0	1.426302	0	0.9162162162	1
GA	sed_v6	17	0	1.507732	0	0.9162162162	1
GA	sed_v6	18	0	1.737296	0	0.9162162162	1
GA	sed_v6	19	0	1.381771	0	0.9162162162	1
GA	sed_v6	20	0	1.453811	0	0.9162162162	1
GA	sed_v6	21	0	1.433493	0	0.9162162162	1
GA	sed_v6	22	0	1.518275	0	0.9162162162	1
GA	sed_v6	23	0	1.490423	0	0.9162162162	1
GA	sed_v6	24	0	1.473495	0	0.9162162162	1
GA	sed_v6	25	0	1.448579	0	0.9162162162	1
GA	sed_v6	26	0	1.444602	0	0.9162162162	1
GA	sed_v6	27	0	1.412673	0	0.9162162162	1
GA	sed_v6	28	0	1.418689	0	0.9162162162	1
GA	sed_v6	29	0	1.420413	0	0.9162162162	1
GA	sed_v6	30	0	1.453407	0	0.9162162162	1
GA	sed_v6	31	0	1.456635	0	0.9162162162	1
GA	sed_v6	32	0	1.480273	0	0.9162162162	1
GA	sed_v6	33	0	1.393857	0	0.9162162162	1
GA	sed_v6	34	0	1.427485	0	0.9162162162	1
GA	sed_v6	35	0	1.40431	0	0.9162162162	1
GA	sed_v6	36	0	1.413481	0	0.9162162162	1
GA	sed_v6	37	0	1.561866	0	0.9162162162	1
GA	sed_v6	38	0	1.400522	0	0.9162162162	1
GA	sed_v6	39	0	1.44373	0	0.9162162162	1
GA	sed_v6	40	0	1.431805	0	0.9162162162	1
GA	sed_v6	41	0	1.387315	0	0.9162162162	1
GA	sed_v6	42	0	1.412187	0	0.9162162162	1
GA	sed_v6	43	0	1.410476	0	0.9162162162	1
GA	sed_v6	44	0	1.449238	0	0.9162162162	1
GA	sed_v6	45	0	1.433292	0	0.9162162162	1
GA	sed_v6	46	0	1.414651	0	0.9162162162	1
GA	sed_v6	47	0	1.479942	0	0.9162162162	1
GA	sed_v6	48	0	1.398368	0	0.9162162162	1
GA	sed_v6	49	0	1.387127	0	0.9162162162	1
GA	sed_v6	50	0	1.379261	0	0.9162162162	1
